Angulos caso línea 1 - 2,Angulos caso línea 2 - 3,Angulos caso línea 3 - 4,Angulos caso línea 4 - 5,Angulos caso línea 4 - 6,Angulos caso línea 6 - 7,Angulos caso línea 6 - 8,Angulos caso línea 8 - 9,Angulos caso línea 9 - 10,Angulos caso línea 9 - 11,Angulos caso línea 9 - 12,Angulos caso línea 9 - 13,Angulos caso línea 13 - 14,Angulos caso línea 13 - 15,Angulos caso línea 1 - 15,Angulos caso línea 1 - 16,Angulos caso línea 1 - 17,Angulos caso línea 3 - 15,Angulos caso línea 4 - 18,Angulos caso línea 4 - 18 paralela,Angulos caso línea 5 - 6,Angulos caso línea 7 - 8,Angulos caso línea 10 - 12,Angulos caso línea 11 - 13,Angulos caso línea 12 - 13,Angulos caso línea 12 - 16,Angulos caso línea 12 - 17,Angulos caso línea 14 - 15,Angulos caso línea 18 - 19,Angulos caso línea 19 - 20,Angulos caso línea 21 - 20,Angulos caso línea 21 - 22,Angulos caso línea 22 - 23,Angulos caso línea 23 - 24,Angulos caso línea 24 - 25,Angulos caso línea 24 - 25 paralela,Angulos caso línea 24 - 26,Angulos caso línea 26 - 27,Angulos caso línea 27 - 28,Angulos caso línea 28 - 29,Angulos caso línea 7 - 29,Angulos caso línea 25 - 30,Angulos caso línea 30 - 31,Angulos caso línea 31 - 32,Angulos caso línea 32 - 33,Angulos caso línea 34 - 32,Angulos caso línea 34 - 35,Angulos caso línea 35 - 36,Angulos caso línea 36 - 37,Angulos caso línea 37 - 38,Angulos caso línea 37 - 39,Angulos caso línea 36 - 40,Angulos caso línea 22 - 38,Angulos caso línea 11 - 41,Angulos caso línea 41 - 42,Angulos caso línea 41 - 43,Angulos caso línea 38 - 44,Angulos caso línea 15 - 45,Angulos caso línea 14 - 46,Angulos caso línea 46 - 47,Angulos caso línea 47 - 48,Angulos caso línea 48 - 49,Angulos caso línea 49 - 50,Angulos caso línea 50 - 51,Angulos caso línea 10 - 51,Angulos caso línea 13 - 49,Angulos caso línea 29 - 52,Angulos caso línea 52 - 53,Angulos caso línea 53 - 54,Angulos caso línea 54 - 55,Angulos caso línea 11 - 43,Angulos caso línea 44 - 45,Angulos caso línea 40 - 56,Angulos caso línea 56 - 41,Angulos caso línea 56 - 42,Angulos caso línea 39 - 57,Angulos caso línea 57 - 56,Angulos caso línea 38 - 49,Angulos caso línea 38 - 48,Angulos caso línea 9 - 55
0.0,0.0,0.0,0.0,0.0,0.0,0.0,0.0,0.0,0.0,0.0,0.0,0.0,0.0,0.0,0.0,0.0,0.0,0.0,0.0,0.0,0.0,0.0,0.0,0.0,0.0,0.0,0.0,0.0,0.0,0.0,0.0,0.0,0.0,0.0,0.0,0.0,0.0,0.0,0.0,0.0,0.0,0.0,0.0,Inf,0.0,0.0,0.0,0.0,0.0,0.0,0.0,0.0,0.0,0.0,0.0,0.0,0.0,0.0,0.0,0.0,0.0,0.0,0.0,0.0,0.0,0.0,0.0,0.0,0.0,0.0,0.0,0.0,0.0,0.0,0.0,0.0,0.0,0.0,0.0
-0.2136215582107032,-0.00084,-0.022673756766577596,-0.02702544122120836,-0.026989217349625658,-0.027985707762434753,-0.028708394923111197,-0.017748133625764266,-0.02704538663104299,-0.02730027371352197,-0.027335884144207536,-0.027389460554054168,-0.027287988906343232,-0.02685442300915218,-0.050297249313587054,-0.03291221778779634,-0.03398651557519776,-0.021160165832433596,-0.02730596879223779,-0.027239186238203497,-0.027393135200899726,-0.029021594301200507,-0.027827781049285773,-0.0274979286647674,-0.02713679813806891,-0.029640112393995575,-0.030789467606543944,-0.02678831036190956,-0.027193149563133547,-0.02735590424374873,-0.027469339324177496,-0.02746933932417749,-0.027534968944322773,-0.027446244060588987,-0.027406491642759365,-0.027407330043076873,-0.027217461458899153,-0.027217461458899184,-0.02705746931428824,-0.026978333414803247,-0.026240102506003345,-0.0273742873381093,-0.027396333961687107,-0.02743185352189583,Inf,-0.027464923457262605,-0.027464923457262567,-0.02750166782989228,-0.027428767236271263,-0.02740872603797197,-0.027412656732623084,-0.027413632121790862,-0.027651969213337135,-0.027429978880734143,-0.027428814152417144,-0.02743563931605952,-0.027369078061737308,-0.02734676487543502,-0.02752913043323059,-0.027529130433230534,-0.02745214603457663,-0.027417591588381286,-0.027316067276873315,-0.027539436064683363,-0.027730895025663393,-0.02756644952638419,-0.027120139882504588,-0.027197272927108645,-0.02751210168059442,-0.02757664157505901,-0.02743828362045133,-0.027346764875434987,-0.027413632121790852,-0.027428001520590713,-0.027421224626575952,-0.02741265673262313,-0.027426536697460785,-0.02743444807722351,-0.027481156257998008,-0.02768368335124419
-0.21107155821070325,-0.2079171797595053,-0.08895480409368821,-0.10651695921416238,-0.10637077001813212,-0.11039232061268311,-0.11330887951112732,-0.06907639641826295,-0.10659745318956636,-0.10762610462957081,-0.10776981815340902,-0.1079860372360043,-0.10757652665774232,-0.10582677857264994,-0.20043532758697638,-0.13027430750074956,-0.1346098664284767,-0.08284638353803567,-0.10764908834010248,-0.10737957303274984,-0.1080008670607739,-0.11457286271555917,-0.10975497352033184,-0.10842378353995419,-0.10696636391434955,-0.11706902501862508,-0.12170749426926668,-0.10555996681770645,-0.10719378216550328,-0.10785061355512882,-0.10830840512971635,-0.10830840512971633,-0.10857326752530268,-0.1082151992445199,-0.1080547698439932,-0.1080581533881317,-0.10729189803055739,-0.10729189803055744,-0.10664621544694898,-0.10632684556688457,-0.103347556542085,-0.10792480247165546,-0.1080137763453801,-0.10815712314193676,Inf,-0.10829058395252414,-0.10829058395252397,-0.10843887374206532,-0.10814466777495195,-0.10806378722467264,-0.10807965038522885,-0.10808358677722749,-0.10904544718239632,-0.10814955762581988,-0.10814485711511208,-0.10817240152552594,-0.10790377932058275,-0.10781372967586274,-0.10854970496268068,-0.10854970496268042,-0.10823901792525574,-0.10809956605311022,-0.10768984293881023,-0.1085912955467579,-0.10936396921071295,-0.10870031416005049,-0.1068991359543936,-0.10721042288440277,-0.10848098178239896,-0.10874144635648818,-0.10818307318253573,-0.10781372967586268,-0.1080835867772274,-0.10814157756524116,-0.10811422795725298,-0.10807965038522911,-0.10813566595760962,-0.10816759402593776,-0.10835609489834912,-0.10917343638180693
-0.22560624376581598,-0.22266283970311204,-0.2813726373260186,-0.1261831118709229,-0.12587548734109444,-0.13437121267911278,-0.1403898704154773,-0.04911771280084272,-0.12705568631427833,-0.1281159559709761,-0.1290140410907346,-0.12918310868499575,-0.12943738625537599,-0.12966710624359773,-0.22342632380730743,-0.1552551647119534,-0.16028689203227964,-0.10904174316185959,-0.12848706995176698,-0.12787373979454936,-0.1293056849886257,-0.1426294846402143,-0.13185181285841605,-0.13041038277902783,-0.12841018363634393,-0.13992948658242926,-0.14531276307388308,-0.13020735899892866,-0.1274509395353089,-0.12894567652602582,-0.1299874629134952,-0.1299874629134952,-0.13078006948307275,-0.12981961581531457,-0.1293976066816124,-0.12940613714064605,-0.12735583295024488,-0.12735583295024497,-0.1256340582535536,-0.12478242775841586,-0.11832249595374118,-0.12906993803003483,-0.1292942554775958,-0.12965565580977761,Inf,-0.1299921319811195,-0.12999213198111928,-0.13036599439372115,-0.12986428015187915,-0.1298876458781469,-0.12952464329229968,-0.12952293932818637,-0.13183406369370193,-0.12953489989818118,-0.12953411298475923,-0.12953872419992218,-0.1308275538151636,-0.13140537618232995,-0.1312204451763549,-0.13122044517635462,-0.13003418792103202,-0.12952221402141725,-0.12927997617283288,-0.12981604908967734,-0.13027554016125825,-0.1304268851307529,-0.12711617236231096,-0.1277379860874682,-0.13027600129219064,-0.13079629440915871,-0.12954051074412073,-0.13140537618232984,-0.12952293932818632,-0.1295335639546705,-0.12952898535141988,-0.12952464329229987,-0.12953098682597453,-0.12960109695266953,-0.12999727368443015,-0.13165921957876436
-0.2341902066204497,-0.2315469048307054,-0.2696691395867174,-0.1666712106254395,-0.1539452591293439,-0.15692113979162792,-0.16790403404025625,-0.0013591775486039848,-0.1438767533894335,-0.14500109149697393,-0.14711629647351837,-0.14720699527946127,-0.14852108275859188,-0.15161968743354956,-0.24373379621936989,-0.1788576982326894,-0.1849108568846866,-0.134090960377582,-0.14726642230100187,-0.14688853048036557,-0.14646568498862578,-0.17147942361354984,-0.1512353320477445,-0.14967626209644597,-0.1468425571269944,-0.1604209358126152,-0.16689700746671743,-0.15311865718069909,-0.14662803006660077,-0.14754898410114003,-0.14819086115551589,-0.14819086115551586,-0.1506083649893451,-0.1485371515122252,-0.1476525426686718,-0.14766926923076804,-0.1432632211397813,-0.1432632211397814,-0.1395813033612069,-0.13776013972879364,-0.1255395033092224,-0.14701004851613406,-0.14744989116716653,-0.1481585265493859,Inf,-0.1488182905259351,-0.14881829052593493,-0.14955136161098936,-0.14883908144980415,-0.14914196203516905,-0.14797437347334344,-0.14795788013355787,-0.1510491161694325,-0.14780673968998476,-0.14781771052480475,-0.14775342279190315,-0.1508525932103298,-0.15216170950269758,-0.15067996895134741,-0.1506799689513472,-0.1487371370834488,-0.1479067440594483,-0.14803673191866437,-0.14775718352494469,-0.14751757061604207,-0.14884365598487448,-0.14361766043389348,-0.14472382998900832,-0.14923880776498608,-0.15016437820906153,-0.14772851550127242,-0.15216170950269742,-0.1479578801335578,-0.14782536488454515,-0.14788919795509875,-0.14797437347334363,-0.14783425415694515,-0.1479643173210493,-0.14848504309901905,-0.15169947065289405
-0.23002563100667714,-0.22752806069948364,-0.2556528501542233,-0.15833821062543948,-0.15924311042954684,-0.15953852106369018,-0.17293207864895566,0.030165656615551376,-0.14371216550698987,-0.14486761564255318,-0.14757386139803677,-0.14762650384541004,-0.14945524143932018,-0.1539469939053368,-0.2452622278982577,-0.18198623155601654,-0.18853540345316602,-0.13792201207097454,-0.14805278961604698,-0.1477892280785536,-0.1491529359527856,-0.1771561288271165,-0.1523150864419562,-0.15069888985588908,-0.14746042940540868,-0.16203870774939497,-0.16904544735748017,-0.15591152243411946,-0.14760754145338717,-0.14824986300693407,-0.1486975416654668,-0.14869754166546678,-0.15190410545867886,-0.14929350028625524,-0.1481842502199636,-0.1482049568593803,-0.14265494525303354,-0.14265494525303357,-0.1380211701142415,-0.13572919531440886,-0.1207111258204825,-0.14738887489612615,-0.14793337789217773,-0.14881063271915018,Inf,-0.14962738721322816,-0.14962738721322794,-0.15053489220664762,-0.14972035995887223,-0.1501589746538442,-0.14860067426580476,-0.14857699911556027,-0.1520470621065107,-0.14834665583130754,-0.14836333629993298,-0.1482655908202818,-0.1522438737044977,-0.1539081107590276,-0.15179663163299162,-0.15179663163299126,-0.14948640254792536,-0.14850138326731027,-0.14881212618614775,-0.14813650714085858,-0.14755740510203938,-0.14945395152842902,-0.1432978830504725,-0.14463925873210465,-0.15011426151427543,-0.15123663708462043,-0.14822772084167712,-0.15390811075902752,-0.14857699911556022,-0.14837497427549187,-0.14847202846946098,-0.14860067426580492,-0.14838943170175736,-0.14854860842417913,-0.14912981597383065,-0.15309813803055844
-0.20239551921580098,-0.20018397549247274,-0.20830955786981714,-0.13728120280768785,-0.13793193386197278,-0.11232646335393959,-0.12686076137495975,0.09512122760017448,-0.1241170039227186,-0.12531716812299995,-0.12904073498607158,-0.12902973273159335,-0.13175615123174828,-0.13893077065533888,-0.22910291534197344,-0.16851516681597808,-0.1760075261984831,-0.12610323454309788,-0.1301860913287076,-0.13017416639583915,-0.1306758930877583,-0.21869609946926555,-0.1349361001490092,-0.13317115984021372,-0.1291967620741761,-0.14569487449545823,-0.15371069879627652,-0.1419929401461573,-0.13016594592168113,-0.13019500798240013,-0.13021526335805284,-0.13021526335805284,-0.1361473183567831,-0.1315912320912574,-0.12966017649143874,-0.12969599723750475,-0.120012921574401,-0.12001292157440106,-0.11193185507202667,-0.10793476841493821,-0.0794664648110898,-0.128284244022199,-0.12922618844694064,-0.13074376557569153,Inf,-0.1321566822128045,-0.1321566822128043,-0.1337265895873741,-0.13215019196993025,-0.1327505198453168,-0.13033572467178453,-0.1303028748404703,-0.13552789696793718,-0.13001200833342877,-0.1300331514113966,-0.12990925559385885,-0.13599619259760926,-0.13856989191898214,-0.13520953835491153,-0.13520953835491129,-0.1317034070624887,-0.13020951227045408,-0.13074465998300322,-0.12957955163060783,-0.12858088732855455,-0.1315812172388544,-0.11989511966005645,-0.1225539047810753,-0.13340608894849793,-0.13563078670281956,-0.1298612540701452,-0.13856989191898197,-0.13030287484047018,-0.13004790295286428,-0.1301709225415981,-0.1303357246717848,-0.13006431979369032,-0.13027213191628506,-0.1311380111038305,-0.1393205293197433
-0.14106456676876616,-0.1389963323111309,-0.13830776618487398,-0.0793992506882318,-0.07993695037848988,-0.06627113511257658,-0.05152253468276313,0.2275043698847561,-0.06622296253483173,-0.06749780087207338,-0.07218734807552817,-0.07210913476321537,-0.07564474453187287,-0.08432809227086335,-0.17256918721322945,-0.11477428714406529,-0.12283620285860283,-0.0723159343288907,-0.07359918410204863,-0.07362624521456985,-0.07394127697224258,-0.032630833044538975,-0.0788752756127642,-0.07715289264147385,-0.07262281474139154,-0.09021923527365866,-0.09884440881333637,-0.087352298835775,-0.07364489984169881,-0.07357894964274002,-0.0735329843525567,-0.07353298435255672,-0.07706822176775174,-0.07437264326506843,-0.07324762492764963,-0.0732676716867261,-0.06754933444000294,-0.06754933444000301,-0.06278956801819709,-0.060435274949346814,-0.05067607398884698,-0.07247759666900724,-0.07300474741320212,-0.07385404583440554,Inf,-0.0746447719506984,-0.07464477195069816,-0.07552335652435675,-0.07535937984232363,-0.07637544254386758,-0.07381812301696487,-0.07376494326486913,-0.07663558228469247,-0.07314025737715558,-0.07318519663977219,-0.07292185812823425,-0.07884009467715242,-0.08119018132904696,-0.0772453062054865,-0.07724530620548614,-0.07465801785168712,-0.07356581762065321,-0.07463018335837376,-0.07229944867803045,-0.07030167609487895,-0.07390574004860392,-0.07129286331097151,-0.07187571852766325,-0.07425471941211804,-0.07474241459343128,-0.07281983168329403,-0.08119018132904685,-0.07376494326486904,-0.07321655079724225,-0.07347802689894577,-0.07381812301696515,-0.07326262485107325,-0.07352199856322944,-0.0739999014462456,-0.07555127489414594
-0.22309597965542,-0.22125471647306555,-0.20590370719808287,-0.16680246243062863,-0.16715280393088422,-0.15788003716277374,-0.14958741603169662,-0.2754268114866812,-0.1540407946781092,-0.15540344742850837,-0.16135707577845937,-0.16119299392225023,-0.1658007873231731,-0.176777788443585,-0.2627518840954255,-0.20853783989936844,-0.217445305929276,-0.16651532694994858,-0.163230240560138,-0.16336978822734033,-0.16324628649328202,-0.1419428131773704,-0.1691754008499575,-0.16745220590331528,-0.1621509681025323,-0.1814074036429019,-0.190937203138101,-0.18008439703847995,-0.16346598566549944,-0.16312589630631602,-0.16288886432870328,-0.16288886432870328,-0.164820054044399,-0.16341927290189873,-0.16286134946505224,-0.16287001558966388,-0.1599146115037976,-0.15991461150379768,-0.15747376466833019,-0.15626646408304523,-0.16131216529037062,-0.16252846968042262,-0.16275635459792465,-0.1631235025205672,Inf,-0.16346532989682086,-0.1634653298968206,-0.16384513809265772,-0.1648728507895944,-0.1663523430034747,-0.16340231408278444,-0.16332610231963757,-0.16435187246480087,-0.16234953690309978,-0.16241960303189623,-0.1620090241974397,-0.16837389368403743,-0.17076558330447986,-0.16587094270280822,-0.1658709427028078,-0.16385448608787256,-0.1630159086978836,-0.16467562088982315,-0.16103500212560642,-0.15791447175627774,-0.1624451831487627,-0.1673019509928957,-0.16619099428251605,-0.16165647709729197,-0.16072690107432105,-0.1618499517602077,-0.17076558330447977,-0.16332610231963748,-0.1624684882228782,-0.16287616331927302,-0.16340231408278472,-0.16254482636934842,-0.16287001940698115,-0.16304258705879385,-0.15918516523134502
-0.2451374907669046,-0.24354298356381887,-0.22170294623743164,-0.19554847167132153,-0.19577463327070677,-0.18967722516498628,-0.18472186322649445,-0.2598998517417073,-0.21350213698231235,-0.19021531719833396,-0.19283603102330493,-0.19240400406442043,-0.1955945774350589,-0.20648209292525216,-0.2862105608168647,-0.24722006870133909,-0.2578067873850176,-0.19882048538897013,-0.19350502719532056,-0.19374988237169416,-0.19325279606024015,-0.1811962694682765,-0.21879736604006914,-0.19479885873473377,-0.19453156307238714,-0.21497495034239028,-0.22630132599499356,-0.210645001034953,-0.19391867373280613,-0.19332194114891504,-0.19290603662074848,-0.19290603662074848,-0.1933664736775967,-0.19315414000033226,-0.1930794986418351,-0.19308016098486575,-0.19263819102405863,-0.19263819102405874,-0.19228032786333146,-0.19210332027845553,-0.19600000746641397,-0.1930540569807338,-0.19307147399164548,-0.19309953473144809,Inf,-0.1931256602478161,-0.19312566024781588,-0.1931546885993357,-0.19357605759123175,-0.19401374846306935,-0.19321269417489412,-0.19319026114053856,-0.1928616739236629,-0.19289515212627523,-0.19291630932530981,-0.19279233076006994,-0.19975354743902707,-0.20271579136616394,-0.19900475305494444,-0.19900475305494392,-0.1948595555864524,-0.19315516196420532,-0.20187558571735548,-0.18286028436277074,-0.16656145463026947,-0.19751880165742053,-0.19543872598923298,-0.19483299373939078,-0.19236061720942194,-0.19185378002077833,-0.19274429717703528,-0.20271579136616363,-0.1931902611405385,-0.19293107071905644,-0.19305417247027534,-0.1932126941748945,-0.19295451140590067,-0.19268341930927682,-0.19273074673068222,-0.1910131720005891
-0.23315497064466104,-0.2313869797071129,-0.20545392661923978,-0.17804537653510982,-0.1782846247113014,-0.1718632894385043,-0.16651800037662368,-0.2476168984138421,-0.17089114988178278,-0.18759310826150816,-0.1745697209558303,-0.17489526891055793,-0.17892096010732522,-0.19197809206957825,-0.28004909409852663,-0.2199796611514897,-0.22868980445922532,-0.1823372062400875,-0.17580909138022857,-0.17602414594693386,-0.1756168643359943,-0.16242291008653367,-0.17901044923360585,-0.18724410492901894,-0.17339581539220628,-0.19345023213073553,-0.20276892265601756,-0.19547685894425354,-0.17617239420357744,-0.17564828820276415,-0.17528300220219734,-0.17528300220219734,-0.17604038454413035,-0.1755831938722359,-0.17548483621653643,-0.17548217241612776,-0.174568321538269,-0.17456832153826907,-0.173873930115534,-0.17353046769138544,-0.17748679998611733,-0.1755871570745908,-0.17551710962391,-0.17540425539781357,Inf,-0.17529918422179303,-0.17529918422179275,-0.1751824384706585,-0.17919565683125502,-0.18284008877597685,-0.17647842766883987,-0.17629212660681415,-0.17555884557364215,-0.17380821936210855,-0.17398622974459427,-0.17294311095642373,-0.18097175896136894,-0.18342884698629408,-0.17736129557538896,-0.1773612955753886,-0.1760178571024471,-0.17546289012821195,-0.17581246984427618,-0.17501548027170422,-0.17433234635235684,-0.1731436325543293,-0.17804136167800694,-0.17737167887174313,-0.17463827966250192,-0.17407793282460746,-0.17253897066951215,-0.1834288469862939,-0.17629212660681404,-0.1741104277229047,-0.17514616925858717,-0.1764784276688402,-0.17430929248322957,-0.1753327982253535,-0.1753889210372216,-0.1731485770934656
-0.2167246518475884,-0.21536761257556622,-0.19220862253474041,-0.17412143061252283,-0.1742771714447249,-0.17006874918056455,-0.16669059540728212,-0.21793893570179276,-0.17564227031837817,-0.17202337136847348,-0.17323120463312888,-0.1723476121661134,-0.17533363693490403,-0.1861348260372849,-0.2552816325789936,-0.23684678957095512,-0.24944563873046532,-0.17873970437276343,-0.17273627687305948,-0.17291786682229326,-0.17254056794128514,-0.164384049706977,-0.16805580411463858,-0.17258068160926648,-0.17657028288310836,-0.1984731069906033,-0.2119521936306494,-0.18893614648963725,-0.17304304618402605,-0.17260049626035381,-0.17229205237415798,-0.17229205237415798,-0.1725473847420937,-0.1724559716294018,-0.17243400952381702,-0.17243362749699176,-0.17224951609515957,-0.17224951609515962,-0.17210787208033063,-0.17203781159987763,-0.17477619641702666,-0.1724486837886116,-0.17243863798896697,-0.17242245308953982,Inf,-0.17240738439007336,-0.1724073843900732,-0.1723906413906658,-0.1729722512207547,-0.1735006501379821,-0.1725781275491436,-0.17255111587991676,-0.17218233044123352,-0.17219099280080133,-0.1722168012253191,-0.17206556705497528,-0.17658780539429078,-0.17843683038483457,-0.1736919017698212,-0.17369190176982094,-0.17280631969485089,-0.1724556117990341,-0.17430848840487548,-0.17023899322715522,-0.16675085450339494,-0.17099430878760793,-0.17400866811544302,-0.17360113420196469,-0.17193773047348054,-0.17159673270914128,-0.1720069737080943,-0.17843683038483443,-0.17255111587991673,-0.17223480778259836,-0.17238497237901435,-0.1725781275491438,-0.1722636388981374,-0.1722363056880988,-0.17203438316997172,-0.17103117544145674
-0.22405475645919,-0.22235385456037868,-0.18769802038706285,-0.17014334506624404,-0.17029137554071044,-0.16624673303049223,-0.16319500607086834,-0.20948300852903884,-0.16753431611965064,-0.1705132057827057,-0.16829197869438706,-0.16903701855127762,-0.17281644394647108,-0.1879067501478599,-0.2768151829712273,-0.21254286154396695,-0.22115003208601933,-0.17821044186270207,-0.1689311728777577,-0.16916530975176303,-0.16864074714134072,-0.1615664608598336,-0.16981588877377082,-0.1671859097360305,-0.16543412357188406,-0.18632706785408476,-0.19553559126706654,-0.19111460639841116,-0.1693267124316456,-0.1687561012488291,-0.16835840254565393,-0.16835840254565393,-0.16829312732945084,-0.16847779475226443,-0.16857654680968676,-0.1685737515170288,-0.16897863761488494,-0.16897863761488502,-0.16933119201611088,-0.16950557376295386,-0.17236420064968666,-0.16868391849652437,-0.16861041331799792,-0.16849198830815004,Inf,-0.1683817305403608,-0.16838173054036062,-0.1682592219094835,-0.1690617211550868,-0.16965827117871835,-0.16870587998696518,-0.16867552536274374,-0.167865103182835,-0.16826124245676563,-0.16829091284715553,-0.1681170480352488,-0.1729829306322471,-0.17496059114532,-0.16785312432305743,-0.16785312432305716,-0.16833021492473374,-0.16855588926338366,-0.16803900886405965,-0.1691101501069638,-0.1700282711723101,-0.1636520933444828,-0.16986326860871087,-0.1695204927982425,-0.16812140785755436,-0.16783459544471327,-0.1680496867953169,-0.17496059114531984,-0.1686755253627437,-0.16831161390094068,-0.16848424908815762,-0.16870587998696543,-0.16834522893755843,-0.16834957232931386,-0.16787789829314947,-0.1673589065648794
-0.2210135313342831,-0.21923312322605754,-0.17607405145429691,-0.1639475402236385,-0.16404412402933438,-0.16132330084457985,-0.15962454393882014,-0.1853749692044521,-0.16217526882889205,-0.16421832520452084,-0.16264527674143475,-0.16321079046498455,-0.15606639877911638,-0.17073730856054808,-0.28166192044338667,-0.1997842547636845,-0.20699849271744478,-0.17518562119316983,-0.16335019341040083,-0.16361703431231608,-0.16296715678204485,-0.1595975299848546,-0.16459662809874573,-0.1621215408296943,-0.16048272785508788,-0.17781106707076355,-0.18552933857235077,-0.2086073401656432,-0.16380098157331172,-0.1631506679338541,-0.16269741903362614,-0.16269741903362614,-0.16207096530830786,-0.1627047966158418,-0.16297394916682229,-0.16296893249438685,-0.16431632611240435,-0.16431632611240446,-0.16544116532964623,-0.16599753741559378,-0.16833252445799612,-0.16316664762370278,-0.16303472891317528,-0.16282219321288136,Inf,-0.16262431514709064,-0.16262431514709044,-0.16240445062954492,-0.16242485417599478,-0.16215105030127053,-0.16282565520809303,-0.16283996286558944,-0.16164286323155214,-0.16300955778490694,-0.16299736081175728,-0.163068833563364,-0.1670031904774354,-0.16882825967660084,-0.15174936977182993,-0.15174936977182962,-0.15956168156426337,-0.16287091082481997,-0.16164800892467956,-0.16435216900031402,-0.16667002049371488,-0.16320639578143822,-0.16344724360658258,-0.16330548012440196,-0.1627268536665205,-0.1626082352426548,-0.16309652457868168,-0.1688282596766007,-0.16283996286558935,-0.16298885097437874,-0.1629178836997517,-0.1628256552080934,-0.16297626144732477,-0.16290312924869746,-0.16128103897960464,-0.16241150224697526
-0.1879040627347202,-0.18603417492313468,-0.12975298654471012,-0.12707395017656226,-0.1270929668443692,-0.12652173522137689,-0.1263141273348938,-0.1294529968237169,-0.1260451961929082,-0.12751052652539882,-0.12662924948044132,-0.12701516053074569,-0.12545235534396043,-0.1200154861150649,-0.26022786254748076,-0.15427796866716342,-0.1596389071356636,-0.14320896284209883,-0.1270401671374023,-0.12714211595854658,-0.12688091961519732,-0.1267581532008057,-0.12831083232369608,-0.12651491620304028,-0.125159920277334,-0.13794957640541997,-0.14368506487535887,-0.11845483258966036,-0.12721239456380046,-0.12696393674327547,-0.12679076917139442,-0.12679076917139442,-0.12641563935674927,-0.12676193425395704,-0.12690504952939302,-0.12690256686278945,-0.12763633237594801,-0.12763633237594812,-0.12824608298291224,-0.12854768005732453,-0.1292113004474788,-0.12700041274666476,-0.12693512840107163,-0.12682994806650522,Inf,-0.12673202154811597,-0.12673202154811586,-0.12662321430546092,-0.12649150805360063,-0.12622173465510028,-0.12679366878476953,-0.12680761917791725,-0.12626676546621152,-0.1269827437115576,-0.12697017130549312,-0.12704384404747,-0.12439390449056718,-0.1232944821053822,-0.12570920216924597,-0.12570920216924578,-0.126520696891044,-0.12685528285460757,-0.12601085541381932,-0.12786421496574737,-0.12945280886739988,-0.12729769069279612,-0.1268376501178723,-0.12684526893305265,-0.12687636613786965,-0.12688274106485714,-0.12707238741512686,-0.12329448210538207,-0.12680761917791722,-0.1269613995282863,-0.12688824782228844,-0.12679366878476978,-0.1269478866026926,-0.12693949882387712,-0.12691567880810745,-0.12689331411449492
-0.1804623469565027,-0.17948932193027026,-0.16288385047739826,-0.14991496243014174,-0.15002663180512818,-0.14700910661746014,-0.14458690098816612,-0.1813330134165309,-0.1510054357312423,-0.14841061086636104,-0.14927665212121324,-0.1486430981768861,-0.15078413925718845,-0.15852881365708563,-0.20810849394804284,-0.2718057895709551,-0.20392396651053207,-0.1532263595572199,-0.14892177875339455,-0.14905198247613094,-0.14878145143022883,-0.14293306035376702,-0.14556578366730086,-0.14881021375394676,-0.1516708397978431,-0.08858,-0.17704039640763586,-0.1605374179494093,-0.14914173864917984,-0.14882442126569054,-0.1486032606650768,-0.1486032606650768,-0.1487863392163985,-0.14872079413733644,-0.1487050468566178,-0.14870477293553877,-0.1485727612795088,-0.14857276127950883,-0.14847119961207142,-0.1484209648088228,-0.15038444295825792,-0.14871556860582666,-0.14870836556118064,-0.1486967606559179,Inf,-0.14868595608894922,-0.14868595608894908,-0.1486739510145393,-0.14909097720666714,-0.14946985008153257,-0.14880838244038835,-0.14878901451884036,-0.14852458778591754,-0.14853079887561813,-0.1485493040459998,-0.14844086604011456,-0.15168340379820364,-0.15300919268804705,-0.14960698142910953,-0.14960698142910933,-0.14897200089502013,-0.14872053613157332,-0.150049086708682,-0.14713117509500162,-0.1446301079975613,-0.14767275186302553,-0.14983410940404202,-0.14954189921895136,-0.1483492045859276,-0.14810470218615773,-0.1483988534071265,-0.15300919268804697,-0.14878901451884038,-0.14856221511735213,-0.14866988621676633,-0.14880838244038852,-0.14858288761927013,-0.148563289146357,-0.14841850655417393,-0.14769918601092968
-0.10984565296006814,-0.1093349900981225,-0.10062010882840403,-0.09381377876708175,-0.09387238507327628,-0.0922887279146375,-0.0910175062856672,-0.11030259601321821,-0.09438608081667194,-0.09302426518395514,-0.09347878083755372,-0.09314627914264897,-0.09426994003125307,-0.09833449899660895,-0.12435490006456904,-0.11741774659812947,-0.3246256387304653,-0.0955516657569981,-0.09329253624491435,-0.09336086974497451,-0.0932188896782536,-0.09014953786882762,-0.0915312433602124,-0.09323398471707586,-0.0947352980884171,-0.10297747580134202,-0.04536,-0.09938865442815621,-0.09340797556750804,-0.09324144110145718,-0.09312537162511869,-0.09312537162511869,-0.09322145488552654,-0.09318705552604666,-0.09317879104032137,-0.09317864728109791,-0.09310936494173253,-0.09310936494173257,-0.09305606336123944,-0.09302969913862992,-0.09406017147400307,-0.09318431306331029,-0.09318053276239874,-0.09317444227759689,Inf,-0.0931687718262297,-0.09316877182622964,-0.09316247132471046,-0.09338133495415159,-0.09358017496481554,-0.09323302360734323,-0.09322285893739024,-0.09308408253537705,-0.09308734223862905,-0.09309705411963229,-0.09304014370013004,-0.0947418919253777,-0.0954376922702513,-0.09365214422000237,-0.0936521442200023,-0.09331889382245258,-0.09318692011949714,-0.09388416985270573,-0.09235279187642076,-0.09104018218246218,-0.09263702212216604,-0.09377134549291932,-0.09361798778331769,-0.09299203794820868,-0.09286371823201134,-0.09301809463579858,-0.09543769227025127,-0.09322285893739023,-0.09310383010634363,-0.09316033803809597,-0.09323302360734331,-0.09311467944598897,-0.09310439377809993,-0.09302840899775938,-0.09265089528807433
-0.2988322553784138,-0.2960047686473018,-0.34495898123465457,-0.20372919355495972,-0.2034708964123699,-0.21051602605777972,-0.2158850087405482,-0.13444691193368538,-0.20434243151537315,-0.20533859452607206,-0.20603639274763666,-0.20622776680202304,-0.2063534354917435,-0.207443830471522,-0.3026011664500901,-0.23354077043319127,-0.2388220200870738,-0.18919336546631607,-0.2552833760717425,-0.28401430787849247,-0.20635106416547355,-0.21888266355706135,-0.2090505027098208,-0.20738133544380868,-0.20534504250913133,-0.21745509504492033,-0.22310532712176526,-0.2092353482990439,-0.1933522593322632,-0.20284237703363997,-0.20945670149217538,-0.2094567014921753,-0.20680860262299847,-0.206600660193138,-0.20642119597910813,-0.20642882100030513,-0.20593153834467176,-0.20593153834467182,-0.20545118548005048,-0.20521359159002275,-0.2002963870961343,-0.2061283066511077,-0.2063288146525859,-0.20665185532163444,Inf,-0.20695261732385226,-0.20695261732385203,-0.20728679732631602,-0.20631001368455612,-0.205830636131317,-0.2063931986059236,-0.2064172704395897,-0.21433110507921552,-0.20676772908565924,-0.20674267308705327,-0.20688949813476668,-0.2107626876965596,-0.21264087972833412,-0.21189388742490084,-0.21189388742490062,-0.20814022779013072,-0.2065210926250357,-0.20579909605000277,-0.20739710222961022,-0.20876682181213074,-0.20930008186502774,-0.20417005188918425,-0.20478049550597155,-0.2072721021051024,-0.20778288145792423,-0.2069463832350852,-0.21264087972833395,-0.20641727043958966,-0.20672519149790153,-0.20657940484146314,-0.2063931986059239,-0.2066957549689109,-0.20676277224941997,-0.2080022053573743,-0.20863002770162878
-0.31954104517648635,-0.3170412865893439,-0.338413948315125,-0.23665193382004124,-0.23653309790248636,-0.2394770200109374,-0.24300920403232903,-0.18937452930182821,-0.23653196076661434,-0.23734687778225144,-0.23747841337073833,-0.23773285353159038,-0.2374949118001787,-0.2410186565963334,-0.34012883333528426,-0.2685543355715207,-0.27454104911188426,-0.22948263996610402,-0.2709528404721688,-0.29040834236047636,-0.23785818951681909,-0.2481500347897021,-0.24099107681411178,-0.23867803788145509,-0.2365396985030198,-0.25031995224104164,-0.25672493649619355,-0.24634782297124272,-0.30382002796771723,-0.22544737703364,-0.24781670149217538,-0.24781670149217527,-0.23544084240023064,-0.23736044300406153,-0.23786671573084833,-0.23787178084614008,-0.24176528995688484,-0.24176528995688507,-0.24479475626529323,-0.24629320196622628,-0.24573768481686006,-0.2376721565059305,-0.23780534907263737,-0.2380199370967765,Inf,-0.23821972594683746,-0.23821972594683719,-0.2384417135580156,-0.23612178639704506,-0.2342210241412485,-0.2374003973655502,-0.23749734401655012,-0.2612514832432238,-0.2388048238835689,-0.23871115293209968,-0.2392600531030799,-0.25043989368074093,-0.2559945655866103,-0.25365848127007246,-0.25365848127007207,-0.24264611402804254,-0.2378967488824272,-0.23581835085462663,-0.2404187158053119,-0.244361885763042,-0.2459749180960504,-0.23570120991880725,-0.236279507311543,-0.23863990483291245,-0.2391237863247932,-0.23947271600887965,-0.25599456558661027,-0.23749734401655007,-0.23864579863851118,-0.23810078045604258,-0.23740039736555063,-0.23854042366885975,-0.2385986966768238,-0.24222223269040272,-0.23992632148205895
-0.3183396506835862,-0.31604753299349897,-0.3199451683339924,-0.24318901305368412,-0.24315853651082284,-0.2435040293184855,-0.24587246061135526,-0.20985338468543976,-0.2426044946279849,-0.24330457841463382,-0.24307734322537508,-0.24337174059820676,-0.24290342379705587,-0.24796888219949864,-0.34958348651510057,-0.27641611260806814,-0.28284979158891743,-0.24068698322582366,-0.26655864711419064,-0.2801374532585508,-0.24349836820657672,-0.25237115758527306,-0.24690587850938517,-0.24418489752808065,-0.24198190390644697,-0.25682035811420467,-0.2637035357202839,-0.25553942006282554,-0.28949802796771723,-0.25640533947864186,-0.25779870149217543,-0.25779870149217515,-0.23925956074084184,-0.24252712291638384,-0.24346786255165886,-0.2434713057703626,-0.25014671798564464,-0.2501467179856449,-0.25539992374090675,-0.2579982835768428,-0.2602062296501374,-0.2433356029832927,-0.24342614606285973,-0.24357202102438477,Inf,-0.24370783564373605,-0.24370783564373572,-0.2438587407763479,-0.24068782925430082,-0.2378865108511906,-0.24272383424391225,-0.24286695267698927,-0.2766571388975007,-0.24478077883582108,-0.24464363505290287,-0.24544728063044913,-0.26125644462546316,-0.2691404483055767,-0.2657975524070132,-0.2657975524070128,-0.2501862375714786,-0.2434536318250665,-0.24051584951916202,-0.24701843885911415,-0.2525920868647871,-0.2548892376935161,-0.2413566151521743,-0.24191454544821178,-0.2441918119626491,-0.2446586515981088,-0.24575864071519612,-0.2691404483055765,-0.24286695267698927,-0.24454794973197774,-0.2437499877797324,-0.2427238342439127,-0.24439446194006825,-0.24444719478119342,-0.24958124270870102,-0.24543292221301757
-0.29832549745170717,-0.2964049804177092,-0.2690287609345784,-0.23702387489877735,-0.23715152906173298,-0.23284679136727043,-0.23313253430934977,-0.22863888601366822,-0.23560799151767708,-0.2361025661592681,-0.2352332635435694,-0.23559916959507535,-0.23471856634999258,-0.24254312373401113,-0.3486397301205462,-0.2726216951525066,-0.27985527749193984,-0.24287452702726212,-0.24083056098252797,-0.24389224826899872,-0.2357281087326936,-0.24206131121504262,-0.2396270929718711,-0.23617604611686893,-0.2338573452355759,-0.2505895881641717,-0.25832855557593143,-0.25412489024953633,-0.24600282796771727,-0.23854123947864192,-0.23334073841049843,-0.257798701492175,-0.22822955874810635,-0.23390947519265284,-0.2356277504219897,-0.2356282910437347,-0.2472822842297408,-0.2472822842297411,-0.25651516378309347,-0.26108196442238607,-0.26823549087595905,-0.23560698427123558,-0.23562120049213545,-0.235644104403586,Inf,-0.2356654287349369,-0.2356654287349365,-0.23568912243643692,-0.23099526263501652,-0.22658228073048076,-0.23438672369880562,-0.23461247259994572,-0.2863634830142675,-0.23761143508331947,-0.23739649095895776,-0.23865603689890008,-0.26274998314796494,-0.27480263196415067,-0.2696579145085386,-0.26965791450853793,-0.24581617894518087,-0.23553430367195116,-0.23105854033193765,-0.24096541004779673,-0.2494570126613897,-0.2529784833878741,-0.23361360557787966,-0.23413508627943436,-0.23626357893883915,-0.236699919934017,-0.23914402854790592,-0.27480263196415056,-0.2346124725999456,-0.23724652428104567,-0.2359958862320592,-0.23438672369880628,-0.23700693227474015,-0.23704975025968178,-0.2448870576423699,-0.23742360743821483
-0.29531061921283785,-0.29344607910270043,-0.2613588502023376,-0.23609517506084246,-0.23624664960822006,-0.23124141369211637,-0.23121342605991665,-0.23146868343275254,-0.23455405709781607,-0.2350176743942651,-0.2340516524675153,-0.23442833039414024,-0.23348562142749174,-0.2417258020648183,-0.34849756519436775,-0.27205011430752063,-0.2794041919385133,-0.24320405274474421,-0.2369549512523819,-0.23843236802723525,-0.2345576177343103,-0.24050826367375636,-0.23853063628603466,-0.23496961427045218,-0.23263348355861957,-0.2496510017290568,-0.2575188830165272,-0.25391180928113827,-0.23945082796771727,-0.23585023947864198,-0.23334073841049857,-0.23334073841049857,-0.22656802889983801,-0.23261133590634353,-0.2344467370073234,-0.23444684038966557,-0.24685079362919915,-0.2468507936291994,-0.2566831605449525,-0.2615464818151098,-0.26944499720198084,-0.23444276592527097,-0.23444548447337055,-0.23444986435642046,Inf,-0.23445394217857077,-0.23445394217857035,-0.23445847309207019,-0.22953520045598166,-0.22487944189422093,-0.23313084377891716,-0.23336903991163094,-0.28782562059848504,-0.23653146441376535,-0.23630480065511897,-0.23763302220005728,-0.26297496577591994,-0.27565556808884895,-0.27023942907771403,-0.2702394290777132,-0.24515788506172925,-0.23434135736846906,-0.2296339167000267,-0.24005359805999682,-0.2489847535113994,-0.2526906524959467,-0.23244721943111457,-0.2329632094637436,-0.23506929122957454,-0.23550103799156988,-0.2381476211530649,-0.27565556808884883,-0.23336903991163083,-0.23614665717951475,-0.23482782922024287,-0.23313084377891768,-0.23589409466582625,-0.23593541910348653,-0.24417993822333967,-0.23621710579195257
-0.296748417231819,-0.2948780834372929,-0.263492315672884,-0.23743904157418178,-0.23759927110103812,-0.2322385127515841,-0.23244544615778234,-0.22911474774672302,-0.23568514970447504,-0.23616628518660954,-0.23528560858103423,-0.23565502061012172,-0.23478273378222547,-0.24300976103109928,-0.3494695787081932,-0.27332295679175445,-0.28068175994874506,-0.24422860975941416,-0.2381556004214422,-0.23960470738115788,-0.23581261596532688,-0.24311530721708294,-0.2397929001464579,-0.2362674330333122,-0.23389697373324658,-0.2509094511657689,-0.25878238813519394,-0.255028091610134,-0.24060365189909255,-0.23707205680189358,-0.2346106420371793,-0.2346106420371793,-0.2975113963474544,-0.23356893590634353,-0.23547753299816168,-0.23549192701687408,-0.24972948832183134,-0.24972948832183156,-0.2608540884059883,-0.26635657877019486,-0.2750917430436498,-0.23492463558857773,-0.235303141542943,-0.2359129566916432,Inf,-0.23648071562319212,-0.23648071562319162,-0.2371115588804676,-0.23145058101473756,-0.22693129732917808,-0.23440199769141964,-0.23463235949637387,-0.288015573515409,-0.23774871555176663,-0.2375254715749761,-0.23883365362190673,-0.263804111372597,-0.27629822294069983,-0.27091726703907204,-0.2709172670390712,-0.24623575567699452,-0.2355920967496875,-0.2309827040757929,-0.24118572680011852,-0.24993117484954014,-0.2536251035981938,-0.23332332284368654,-0.23393538339523,-0.2364335897280587,-0.23694572202628855,-0.2393404885804717,-0.2762982229406996,-0.23463235949637368,-0.2373697140837556,-0.23607078389708266,-0.2344019976914202,-0.2371181132398288,-0.23715761750832826,-0.24526506653659363,-0.23779511217945057
-0.3048359628146611,-0.3028680511777992,-0.28329636570314126,-0.24394458285147672,-0.2442522646642899,-0.2329037600689347,-0.23706725833236142,-0.17334151513991097,-0.2386071304482037,-0.23938330905767452,-0.23994002733503886,-0.24018706635296805,-0.2405008365987925,-0.24850633309477868,-0.3497123326252519,-0.27863230389463994,-0.2860706948579124,-0.24535630684859305,-0.24224906011087943,-0.24322137018406664,-0.24082142827718486,-0.2708954089994243,-0.24492408095358728,-0.24199743324990178,-0.23904880825328031,-0.25597638904723613,-0.26393447434432055,-0.2577006360984859,-0.24389163390120017,-0.24152203277244766,-0.23987049259180185,-0.23987049259180185,-0.28138339634745435,-0.2501065825896823,-0.23671030758070202,-0.23696538600143524,-0.28208476735563676,-0.28208476735563726,-0.31497329448659245,-0.33124073801373155,-0.3540668309033351,-0.2269123351811124,-0.23361989218837337,-0.24442651181118363,Inf,-0.25448784732207624,-0.25448784732207547,-0.2656671090008445,-0.2475816220043101,-0.2453608625495099,-0.23968290569146258,-0.23978132092362214,-0.2750867805372865,-0.24212178734968506,-0.24195613969888596,-0.24292681441095051,-0.2616406687903139,-0.27099388360345106,-0.2662054853356297,-0.266205485335629,-0.24826136603935867,-0.24052918106494636,-0.23757112303606742,-0.24412515821269523,-0.24974290264980462,-0.25323522742551274,-0.23195074873963684,-0.2341808390834236,-0.24328324864989864,-0.24514924261102602,-0.24330288735784944,-0.2709938836034509,-0.23978132092362192,-0.24184056720781172,-0.2408767574017539,-0.2396829056914631,-0.2416051629072407,-0.24161401169513674,-0.24741291181245004,-0.24824406186362785
-0.38627770751115437,-0.3843346353277,-0.3621189407781644,-0.325878466888877,-0.3261568381770257,-0.3160430931748183,-0.3192611104054359,-0.2699609961063503,-0.32121898628055884,-0.3221810278331127,-0.3222387470485909,-0.32251174774598595,-0.3226447156585002,-0.33078984696293845,-0.43286482136391197,-0.3609306717546802,-0.3683780228977688,-0.3284557562825983,-0.32452783527676593,-0.3255156001677298,-0.32305283168481613,-0.3479227136188932,-0.3271234070611982,-0.324245419903608,-0.3212426277840082,-0.3382474659149195,-0.346215137408213,-0.340482583223393,-0.3261965176916034,-0.32378925187680213,-0.3221114605513347,-0.3221114605513347,-0.35518121519882895,-0.3303882486925498,-0.3788817135507405,-0.37520682884050566,-0.3582664338540179,-0.35826643385401835,-0.38634211780545824,-0.40022901524380483,-0.41999860364906333,-0.2648862904049931,-0.2932932503973288,-0.33906001927387036,Inf,-0.38167045926237503,-0.38167045926237286,-0.4290153925829329,-0.3621667950181054,-0.36198886096587723,-0.3215813536709079,-0.3215260616076961,-0.3497690485295009,-0.3251712332613069,-0.32491887729803715,-0.3263976519791355,-0.3451166082638426,-0.3550136396015283,-0.3500763141354638,-0.35007631413546303,-0.3309981471736843,-0.32277599945440805,-0.3195313169620642,-0.32671809987359196,-0.3328781995120438,-0.3363461689212415,-0.3156233365875136,-0.31748726552398426,-0.32509513873406704,-0.326654752742134,-0.32697058042283333,-0.3550136396015283,-0.321526061607696,-0.3247428083518619,-0.3232744920138774,-0.32158135367090857,-0.32424631022083644,-0.32394085027680275,-0.33012673604741394,-0.3292414296335629
-0.29993934994144217,-0.2979514600668744,-0.2807700921124998,-0.23871705070472915,-0.23905427669281593,-0.2265025481120433,-0.23147127753562433,-0.155454595239079,-0.23266427755805072,-0.2334803849203692,-0.2343418419183442,-0.23456423334014967,-0.23511133412025462,-0.24306494189690905,-0.3432320260596849,-0.27315515433437737,-0.2806075472633522,-0.23904366947250139,-0.23654879383465405,-0.2374317954594746,-0.23529400506666262,-0.2699837144270554,-0.239421784411038,-0.23660195944945378,-0.23355075992013452,-0.25045659218002003,-0.2584296577111277,-0.2516983485239282,-0.23804049423531587,-0.2358885452793555,-0.23438870206762547,-0.23438870206762547,-0.272612418776032,-0.24380670322737957,-0.23147084007507332,-0.23170563374735884,-0.17040783619711403,-0.28208476735563726,-0.31937219448659243,-0.33781543801373154,-0.36348490078248863,-0.2224520374886393,-0.2286261855693456,-0.23857342414381744,Inf,-0.24783464626487778,-0.24783464626487706,-0.25812489306605485,-0.24157033268489994,-0.2396139564823494,-0.23423188415745316,-0.2343179819490201,-0.2668375017764503,-0.2364127075466734,-0.2362645059095177,-0.23713294914296953,-0.2546903979322904,-0.2634206085116245,-0.25875338117099667,-0.258753381170996,-0.24214309155155211,-0.23498729533868815,-0.23235683924124215,-0.23818701384301913,-0.24318430635882773,-0.2466412928697866,-0.22513117175873684,-0.22768895188138388,-0.23812887074932915,-0.24026905411725796,-0.23746941408015138,-0.26342060851162447,-0.23431798194901993,-0.23616110551533914,-0.23529880417586638,-0.23423188415745372,-0.23594918238781862,-0.2359770315959351,-0.24131902361334523,-0.24381862653235956
-0.27364464233472724,-0.2715494697460519,-0.2672040563403443,-0.2106453135953457,-0.21114119118003832,-0.19212817523571352,-0.20142097896540778,-0.05940221353059476,-0.20075128317963903,-0.20178180710059024,-0.2042797045855649,-0.2043697389372769,-0.20616981975347637,-0.21384478620433245,-0.30843291680695634,-0.24374297699174083,-0.25127056018051286,-0.2051449402224538,-0.2059384844443529,-0.20634190158957202,-0.20561185928500056,-0.26508793384816115,-0.20987456830517173,-0.20762837921026162,-0.20402635660895113,-0.2208153997006776,-0.22886890877178362,-0.21946619114681026,-0.20661999793225838,-0.20563683654266554,-0.2049516028468887,-0.2049516028468887,-0.2255124546504237,-0.20997648424165233,-0.20333501034082999,-0.2034608753428046,-0.17040783619711403,-0.17040783619711408,-0.3429941944865924,-0.3731214380137315,-0.414059736920015,-0.1985003331781072,-0.2018100866003584,-0.2071424671139863,Inf,-0.21210709724736426,-0.21210709724736376,-0.21762335295111665,-0.20928983612823662,-0.20875319240076878,-0.2049600137634065,-0.20497996715940242,-0.22253904923411577,-0.20575506970386237,-0.20570055279113356,-0.20602001514577745,-0.2173675903648915,-0.22275228138004063,-0.21873573935668772,-0.21873573935668714,-0.2092880869024426,-0.2052274861532836,-0.20435624550158824,-0.20629930412002281,-0.20796478293582366,-0.21123200371218737,-0.18851018754840732,-0.1928276548556313,-0.21044997039531957,-0.21406254508095568,-0.2061437859081568,-0.2227522813800405,-0.20497996715940237,-0.20566251629994683,-0.20534531327998018,-0.2049600137634069,-0.2055766865752771,-0.2057065676382765,-0.20859497281899753,-0.2200541323644498
-0.2548963986115752,-0.2527609316491759,-0.25323658148733785,-0.1912296343818213,-0.19178510000712895,-0.17034528558058795,-0.18126217076226342,-0.014453646542447351,-0.179892864031212,-0.18100392078560246,-0.18411644985506442,-0.18415677214186726,-0.1864274604204424,-0.19399777182216,-0.28649050018211264,-0.22382384109218362,-0.23137966503207646,-0.18354069781908938,-0.18556934146862558,-0.1857926312148133,-0.18559132579062826,-0.25437692492207264,-0.18990471312210225,-0.18787397623853366,-0.18406506969601047,-0.20081024787969629,-0.20889397078432922,-0.19848789739178255,-0.18594655640740923,-0.18540238058408204,-0.18502310652539944,-0.18502310652539944,-0.19894995316387626,-0.1883979736462256,-0.18389525854300792,-0.18398021096566103,-0.16153563619711403,-0.16153563619711409,-0.14278266951653856,-0.3775098380137315,-0.4241829675008028,-0.1806320993543875,-0.18286601320806958,-0.18646509663900251,Inf,-0.1898159674195265,-0.1898159674195261,-0.19353915717566358,-0.18829338663411974,-0.18828998100949798,-0.1850935758280047,-0.18508868601401063,-0.19702876902727054,-0.18536815060857037,-0.18534882079312628,-0.18546209111691084,-0.19447729649902584,-0.19860544197707572,-0.19483329121068346,-0.1948332912106831,-0.18807585759722578,-0.18517778301829302,-0.18496728706551355,-0.1854503816492596,-0.18586446272104182,-0.18906040928055357,-0.1658834919040552,-0.17086188109084077,-0.19118183695527027,-0.19534742790747833,-0.18550597595694313,-0.19860544197707553,-0.1850886860140105,-0.18533533436629163,-0.18522286512459613,-0.18509357582800512,-0.18529686413229896,-0.18546506739591176,-0.18743192854427015,-0.20225621290138437
-0.24066032957018085,-0.2385000693191276,-0.24194213857463906,-0.17658288962465274,-0.1771750200087035,-0.15424198680956203,-0.16615817577772912,0.015903585765773234,-0.164358395645335,-0.1655190045729213,-0.1690097189045363,-0.169019453159786,-0.1715797080844979,-0.17908562481761572,-0.2702890438311869,-0.20886731743071613,-0.2164405180172629,-0.16754732141366507,-0.1703359266607095,-0.17044838330078466,-0.17057241178518118,-0.2450861984654542,-0.17491698168346304,-0.1730188134037282,-0.16908261034811098,-0.18580079827915538,-0.19390311187590614,-0.18287966968297623,-0.17052590549012786,-0.17025183923430368,-0.1700608233590323,-0.1700608233590323,-0.17990574019469047,-0.17242043012472089,-0.16923370182883438,-0.1692934805784668,-0.15337633619711402,-0.15337633619711408,-0.14008246951653858,-0.13350700857775932,-0.4277116316003018,-0.16693750390939446,-0.16850944939122098,-0.1710420282230534,Inf,-0.173399946445794,-0.1733999464457938,-0.176019855582172,-0.17267398762673342,-0.17299868553080183,-0.17016947743378996,-0.1701493014937328,-0.17863199200272312,-0.17012379808347972,-0.17012611902915328,-0.17011251857504,-0.17769260750608767,-0.18104759551005217,-0.17742581965753415,-0.17742581965753373,-0.17232368841256948,-0.17014092081678425,-0.17033698370914474,-0.16992175660697661,-0.16956584766226107,-0.1727179389122423,-0.1492609959467861,-0.15464605299866885,-0.1766258777002295,-0.18113174176404945,-0.17010724928884835,-0.181047595510052,-0.17014930149373275,-0.17012773835470302,-0.1701412426222792,-0.17016947743379032,-0.17011840860396754,-0.17031019167026384,-0.171710023104789,-0.18860488216258006
-0.40084482556791656,-0.398910077692062,-0.3758083111153036,-0.34061051286045485,-0.340879061475809,-0.33117911457521515,-0.3340802780161079,-0.2896145443396,-0.33617823716170503,-0.33720256592663217,-0.3370930583672293,-0.33737475945758943,-0.3374471360916827,-0.345639062431347,-0.4480052515382099,-0.37578486515861187,-0.38323521907683067,-0.343578411690295,-0.3393754626902885,-0.34036840686821007,-0.337884583664979,-0.361010444972611,-0.34194440915455976,-0.33908272933461614,-0.33606178448894486,-0.35309251344066483,-0.3610633975024738,-0.3554988358515591,-0.34105289474296685,-0.338633006571821,-0.33694641784647694,-0.33694641784647694,-0.36718666698376173,-0.3445665960749,-0.3895041883523238,-0.3861058469906684,-0.37107077121663007,-0.37107077121663073,-0.3975335538534349,-0.41062267214690795,-0.42936795123704585,-0.520039945827097,-0.30056525039732873,-0.3580480192738703,Inf,-0.411566459262375,-0.4115664592623725,-0.4710313925829325,-0.3878410855113257,-0.3883477521523848,-0.3363015241538547,-0.33619472102129644,-0.36207090082630977,-0.3402771312671975,-0.33999571723036115,-0.3416447686226371,-0.3603654346804509,-0.37044471221952935,-0.3654574776114314,-0.3654574776114304,-0.34599926357511934,-0.33761291737152976,-0.3342721800199924,-0.34167101215385853,-0.3480128682686006,-0.3514726755995425,-0.3309380646779719,-0.3326792839824848,-0.3397863015519234,-0.34124324015365837,-0.3422836681519776,-0.3704447122195293,-0.3361947210212963,-0.33979937444431124,-0.33816198564370226,-0.33630152415385534,-0.3392153773928606,-0.3388045849150163,-0.3451201590310958,-0.34365962612726847
-0.4187937051432176,-0.41687943836081404,-0.3915975836774724,-0.3589651804241886,-0.3592095613743007,-0.3505277216841123,-0.3526492993156324,-0.3200780565768528,-0.3550919187851195,-0.35626949876068753,-0.35574854710665166,-0.35605165460940563,-0.35597495270203794,-0.36428201336104493,-0.4673647059769528,-0.39444006378115665,-0.4018978057154138,-0.3628941331636875,-0.3580145063760345,-0.359020193651075,-0.35648456749736007,-0.3753194473626987,-0.3605179440080285,-0.3576963866970468,-0.3546307789560416,-0.37172520958074107,-0.3797039978334025,-0.37455276434759177,-0.3597134660030048,-0.3572625218362979,-0.35555428802313865,-0.35555428802313865,-0.3788328330090665,-0.3615589458225634,-0.39774768328493304,-0.3950297480829004,-0.3846825121533541,-0.38468251215335447,-0.40717691878335716,-0.4183031844283047,-0.43452825693619157,-0.5021479458270971,-0.4306769634630413,-0.38687401927387033,Inf,-0.46723045926237505,-0.46723045926237144,-0.5565153925829313,-0.4331180081604865,-0.43530906363601996,-0.3546269733123924,-0.3543934325488184,-0.37444632949717127,-0.35955162289555204,-0.35919871448959406,-0.36126671402768795,-0.3799915868044826,-0.3905192621757003,-0.38540923131220317,-0.385409231312202,-0.3650159509588484,-0.35622561145474557,-0.3526485411080637,-0.3605690983087722,-0.3673581473379509,-0.3707978727238775,-0.3507263610193473,-0.35216566603136973,-0.35804038036615426,-0.3592446968047851,-0.36206792855487185,-0.39051926217570043,-0.35439343254881817,-0.3589524900282092,-0.3568991160101525,-0.354626973312393,-0.35815321097947483,-0.3574832587526017,-0.3641179175602541,-0.3612420996786134
-0.4022701117415119,-0.40038695808899866,-0.3717932995415317,-0.3430580255159774,-0.34326569301084264,-0.33613047493807097,-0.33706777231591606,-0.3225656254684543,-0.34003397034583954,-0.34144435648646565,-0.340298374064929,-0.34063400036317076,-0.34033083105378464,-0.3488127939484131,-0.45298393756900684,-0.37898945001862405,-0.38645841519656093,-0.34844692936572214,-0.3425393514117251,-0.3435643969127713,-0.3409500761360879,-0.3532664630659506,-0.34494327361440463,-0.34218266699611133,-0.3390492111947902,-0.3562404119665712,-0.36423120759165434,-0.3597078669924702,-0.34427101389300213,-0.3417728921072841,-0.34003177692329883,-0.34003177692329883,-0.352734694878493,-0.3435822739100602,-0.36648049751857464,-0.3647961773075183,-0.361570307741335,-0.3615703077413353,-0.37803629609138806,-0.38618076344732805,-0.39857735311899817,-0.4311779458270971,-0.3868869634630413,-0.31552926965428507,Inf,-0.5080004592623751,-0.5080004592623699,-0.6425853925829296,-0.45810884639009697,-0.46285868168460087,-0.33867543229568403,-0.3382493625352955,-0.34945602496296674,-0.3450417862344003,-0.34458026968219163,-0.3472846995021619,-0.36601596276754905,-0.3772248058716945,-0.3719282334129731,-0.3719282334129719,-0.35011448008302454,-0.34071042842220617,-0.3367743411513109,-0.3454874585642247,-0.3529558449181509,-0.35636506352643854,-0.3369970526445755,-0.33797771522031994,-0.3419804196111128,-0.3428009740112253,-0.34833248912667314,-0.3772248058716949,-0.33824936253529525,-0.34425826923513664,-0.34157296596321074,-0.33867543229568464,-0.3431319521422388,-0.34206830653404413,-0.349187691583422,-0.34416189350409676
-0.40363811174151193,-0.4017549580889987,-0.3731612995415317,-0.34442602551597745,-0.3446336930108426,-0.33749847493807095,-0.3384357723159161,-0.3239336254684543,-0.3414019703458395,-0.3428123564864657,-0.341666374064929,-0.34200200036317074,-0.3416988310537847,-0.350180793948413,-0.45435193756900694,-0.380357450018624,-0.3878264151965609,-0.3498149293657221,-0.34390735141172535,-0.3449323969127713,-0.3423180761360879,-0.3546344630659506,-0.34631127361440467,-0.34355066699611136,-0.3404172111947902,-0.3576084119665712,-0.36559920759165426,-0.36107586699247024,-0.34563901389300217,-0.3431408921072841,-0.34139977692329887,-0.34139977692329887,-0.354102694878493,-0.34495027391006017,-0.3678484975185747,-0.36616417730751843,-0.362938307741335,-0.36293830774133534,-0.3794042960913881,-0.3875487634473281,-0.39994535311899837,-0.43254594582709716,-0.38825496346304134,-0.3168972696542851,Inf,-0.5093684592623751,-0.50936845926237,-0.6439533925829294,-0.4594768463900969,-0.4642266816846006,-0.3400434322956839,-0.3396173625352953,-0.3508240249629668,-0.3464097862344003,-0.34594826968219144,-0.3486526995021618,-0.3673839627675489,-0.3785928058716944,-0.373296233412973,-0.3732962334129716,-0.35148248008302446,-0.34207842842220615,-0.3381423411513107,-0.3468554585642245,-0.35432384491815083,-0.3577330635264386,-0.3383650526445755,-0.33934571522031987,-0.34334841961111273,-0.34416897401122526,-0.3497004891266732,-0.3785928058716948,-0.3396173625352952,-0.34562626923513656,-0.34294096596321066,-0.34004343229568457,-0.3444999521422387,-0.34343630653404406,-0.3505556915834218,-0.3455298935040968
-0.3299511786132661,-0.3281072975604687,-0.2953333091023911,-0.27151719289673787,-0.2716785187719345,-0.2664955263963794,-0.26593796406329534,-0.27424356342036904,-0.2695650499979816,-0.27126929610589073,-0.26933436756325874,-0.2697110407649428,-0.26912201260241303,-0.27782474613352964,-0.3833697888368589,-0.30802488721638255,-0.31550801895223407,-0.27874892245253013,-0.2715438114369094,-0.27259329189078174,-0.26987963869596476,-0.27396804712581824,-0.27382212012417445,-0.2711384486186409,-0.2679193514908528,-0.2852327005410048,-0.29323865249180503,-0.28950787072832485,-0.2733167531501779,-0.2707590813367543,-0.26897646158800464,-0.26897646158800464,-0.2683302768143387,-0.269429190025801,-0.27555144051812686,-0.275171802540712,-0.28093488945702577,-0.280934889457026,-0.28979149685238687,-0.29417218438127507,-0.3017362652543821,-0.290133945827098,-0.28015096346304214,-0.2640672696542858,Inf,-0.24909279610820295,-0.50800045926237,-0.6997653925829298,-0.43819157332098463,-0.4461712326783738,-0.267078573237509,-0.26640948343213433,-0.2664499716899904,-0.275264720885954,-0.27466611352132575,-0.27817387851828707,-0.2969132081884803,-0.30898185639127584,-0.30344982149513766,-0.3034498214951369,-0.27984307379870754,-0.2696643629519955,-0.26527510597411275,-0.27498863382706845,-0.28331451484388703,-0.2866852262215926,-0.26820521041787737,-0.2686069508190887,-0.2702467075587239,-0.27058285769034907,-0.27953290796763614,-0.3089818563912759,-0.26640948343213405,-0.274248464710902,-0.2707655076920393,-0.26707857323750966,-0.2727093433053052,-0.2711487575747271,-0.2788799891252496,-0.2711403749818255
-0.32403210538765936,-0.32219143867145983,-0.2890753035890092,-0.26566180470754513,-0.26581933766948446,-0.26079612871930496,-0.26011621690305986,-0.2702885572926139,-0.26379739439763206,-0.2655256920033882,-0.26352619074570327,-0.2639062235050668,-0.26329379871027564,-0.27201460161143004,-0.37767209355762776,-0.3022166648674058,-0.3097009560906837,-0.27304436364956175,-0.2657330537054974,-0.26678453408205655,-0.2640627508467207,-0.2674777255693331,-0.26800108132854183,-0.265323706715763,-0.26209760011949174,-0.27942094661530265,-0.28742813906285625,-0.2837622257035573,-0.2675093739917935,-0.2649468281991873,-0.26316081143464365,-0.26316081143464365,-0.26142204532535235,-0.26335999743086697,-0.268109188213788,-0.26783633430166576,-0.27433513853763847,-0.27433513853763875,-0.282568942455071,-0.2866415766507902,-0.29381013214479124,-0.2785899458270981,-0.27141496346304217,-0.2598552696542858,Inf,-0.24909279610820295,-0.24909279610820254,-0.7044453925829297,-0.4365614082639113,-0.4448054183840552,-0.2612185994635975,-0.2605296192453069,-0.2596561918838076,-0.26955369140308,-0.26894386359420347,-0.2725173790043917,-0.29125736888400255,-0.30339638938238533,-0.2978450826393232,-0.2978450826393225,-0.27409158409233125,-0.2638494698704882,-0.2594231224024219,-0.2692185306481617,-0.27761459485879514,-0.28098215454291675,-0.26257481829439105,-0.26292917576841085,-0.2643755328052231,-0.26467203599776956,-0.2739018824373058,-0.30339638938238533,-0.26052961924530665,-0.2685183862713528,-0.26497014384613016,-0.2612185994635981,-0.2669454781539087,-0.2653442194647304,-0.27312552869320617,-0.26516379739028606
-0.31673505112849165,-0.31489659735941156,-0.2815449074855654,-0.2584085951465239,-0.258563516833567,-0.25365031262624227,-0.2528861678965901,-0.26434368768927474,-0.2566045853496993,-0.25834944148666533,-0.2563054843982325,-0.25668783008384455,-0.2560592976076116,-0.26479254057506146,-0.37052744950000305,-0.29499592717330264,-0.302481016659078,-0.2658949943198258,-0.25851057049810217,-0.2595634277445111,-0.2568360472889718,-0.2597873888054453,-0.2607715200038562,-0.2580984805595508,-0.2548675482138239,-0.2721977775664539,-0.2802058240483107,-0.2765845700903522,-0.26028921680198264,-0.25772331546217,-0.25593495998290666,-0.25593495998290666,-0.2534439936463963,-0.25595959175973926,-0.25976348374272384,-0.25956414655247645,-0.2665694638662142,-0.2665694638662144,-0.27437449154307275,-0.2782350428671102,-0.28513129435011136,-0.26742034582709817,-0.26217856346304225,-0.25373346965428584,Inf,-0.24587079610820295,-0.24587079610820253,-0.23713449216810964,-0.4322171023207726,-0.4406431077737358,-0.25396223290386605,-0.2532595589012988,-0.2517569357864742,-0.26239986725910136,-0.2617823146059154,-0.2654010966467483,-0.2841415410551505,-0.2963290101724184,-0.2907644355039741,-0.29076443550397324,-0.26690990464063347,-0.25662413963360425,-0.25217225678960375,-0.2620240365365296,-0.27046841917675113,-0.27383380904105936,-0.25547650987091397,-0.2557982460219825,-0.25711145480185116,-0.25738066260172426,-0.26680313793757826,-0.2963290101724183,-0.2532595589012986,-0.2613514476533555,-0.2577582587368311,-0.25396223290386677,-0.2597552786842934,-0.2581260182274636,-0.2659418040111455,-0.25782715358687996
-0.31092549645470197,-0.3090874494280493,-0.2754611306559926,-0.25257886593514073,-0.252730710837698,-0.2479154232648264,-0.2471652433901165,-0.25841365223213475,-0.2508987397733729,-0.25242289002269025,-0.2505190597793584,-0.2509038532483102,-0.2501922389457609,-0.25886686422263616,-0.36492812200724556,-0.289105288803266,-0.2965719234541639,-0.26018515500923856,-0.25273791638784665,-0.25380469747202294,-0.25103754928184274,-0.25392511412931923,-0.25497948828410866,-0.2521402668563395,-0.24907069763692488,-0.2663633490904078,-0.27435165136268713,-0.27081757507506,-0.25454008495238056,-0.25194025005309933,-0.2501282439111761,-0.2501282439111761,-0.24707727016676853,-0.2500303370669622,-0.2532542686514789,-0.2531016916579719,-0.26057298158473624,-0.26057298158473646,-0.26821929229888575,-0.27200133845857244,-0.2787586820770821,-0.2591149963715802,-0.2551028228643083,-0.24863876554703754,Inf,-0.24262050528613088,-0.24262050528613038,-0.23593354944067776,-0.23256889512371323,-0.4396589377333534,-0.24767632671076512,-0.24830454570594124,-0.24542490593534438,-0.256025516633008,-0.25547086299725935,-0.2587210645882881,-0.27875853066896156,-0.2911297044670625,-0.28556393953214954,-0.28556393953214876,-0.2612918992519518,-0.2508256737771924,-0.24628203847139066,-0.25633713141867454,-0.2649557825163458,-0.26839031818357634,-0.24970632823531755,-0.2500213353886955,-0.2513070788718678,-0.2515706562859182,-0.25998030506829634,-0.2911297044670623,-0.24830454570594102,-0.2550838807366727,-0.25185666555720687,-0.2476763267107658,-0.25449631554735963,-0.25235768781609563,-0.2603171538316997,-0.2520078090701971
-0.29175999434507893,-0.28992081239639367,-0.2552843764934261,-0.23325285371686993,-0.23339334268659576,-0.22890147962031476,-0.22833845670160074,-0.23675067296438088,-0.23209310887146176,-0.2325149215730751,-0.2313588758524043,-0.23175237134209387,-0.23065732869491598,-0.2390278311872966,-0.3465752465957022,-0.2694356784746234,-0.27681096614596307,-0.24129868881963473,-0.23364756033357317,-0.23478046767834262,-0.23182680657932353,-0.23505696064445816,-0.23580439084508775,-0.23214663546931394,-0.22987273461930763,-0.24697196417377273,-0.25486253737285003,-0.2516916147440492,-0.2355614394166933,-0.23280044927891017,-0.23087612281924327,-0.23087612281924327,-0.22614909616031734,-0.23042552728287236,-0.2321484021121846,-0.23212066013376473,-0.2411550586331898,-0.24115505863319012,-0.24863062581466247,-0.25232821818399287,-0.25879081330863196,-0.23321401612250797,-0.23248451144230703,-0.23130919834642824,Inf,-0.23021494132612774,-0.2302149413261274,-0.22899910019245961,-0.22544971469370942,-0.22046787421094735,-0.2303471481620252,-0.23060368748013063,-0.22455512639491063,-0.23389673592127774,-0.23366048013547877,-0.235044909771203,-0.2614224951188377,-0.2746233668614263,-0.2690705094922386,-0.2690705094922379,-0.24289998503590382,-0.23161314993664436,-0.22665700438333408,-0.23762647320515,-0.2470288750524205,-0.25080450688677763,-0.23045279833535323,-0.23078095131671186,-0.23212035124062236,-0.232394928225024,-0.23558128568211278,-0.27462336686142613,-0.23060368748013046,-0.2334956442952853,-0.2321210057658956,-0.23034714816202584,-0.2332379450414409,-0.2332824254660882,-0.24189564182169254,-0.2328503241991539
-0.3121085263638681,-0.31027132682553965,-0.2767400441929917,-0.25380129543952185,-0.25395421978186083,-0.2491188422294359,-0.2483128234408773,-0.2604100229203854,-0.2520539878202924,-0.25376365229781433,-0.25172404369005064,-0.2521081032374391,-0.2514544792491473,-0.2601826392118229,-0.36602360780989585,-0.290393707833641,-0.29787554385001463,-0.2613666307722453,-0.25393093121818655,-0.25498729239468093,-0.25224902182630043,-0.25494186154825105,-0.2561842677394366,-0.2534804189404815,-0.2502790758289972,-0.26760546767173576,-0.2756100333756747,-0.2720298236644302,-0.25571549689272915,-0.2531410561816655,-0.251346749019409,-0.2513467490194089,-0.24834543492591143,-0.2512544278132799,-0.25444162538858683,-0.25429057901651686,-0.26165725855256833,-0.26165725855256855,-0.2692033494038583,-0.2729358244485823,-0.2796600395765415,-0.2602435594774948,-0.25627163528067304,-0.2498724240746831,Inf,-0.2439145377794516,-0.2439145377794512,-0.2372946641180822,-0.23524299758453718,-0.4386398108336133,-0.31684739244927007,-0.24982232096599208,-0.24670706251457733,-0.25773675453660755,-0.2571276376190275,-0.2606969872942875,-0.2796960721684363,-0.2919458250120412,-0.28637397920101704,-0.2863739792010164,-0.26238270746945236,-0.25203784864437534,-0.2475541487715972,-0.2574763190859715,-0.2659810364982917,-0.26935905162068413,-0.2509631946265765,-0.2512662959457996,-0.2525034441875235,-0.2527570595770769,-0.2620798767774498,-0.291945825012041,-0.2498223209659918,-0.25670265628557154,-0.25315855013393607,-0.2476763267107658,-0.25703561554735965,-0.2535495104308072,-0.26141219874763144,-0.25317768997926315
-0.31779964899791335,-0.3159625977146651,-0.2827561612815326,-0.2595369274491638,-0.2596935005496558,-0.2547510868831998,-0.2538960657911953,-0.26673508877809304,-0.257627600627512,-0.2596678340354228,-0.2574068860206697,-0.2577881222500369,-0.2572513935646739,-0.26607006527545524,-0.3714566401999571,-0.2962299890473002,-0.30373926839197546,-0.2669607908078918,-0.2595928972472862,-0.2606292211542738,-0.25794761675659,-0.2605778267902092,-0.2618723765145259,-0.2594146859569726,-0.2559741144909622,-0.27335816176121763,-0.2813920881627239,-0.27769859221209164,-0.26134361292414887,-0.2588180047180134,-0.2570577323319191,-0.257057732331919,-0.25462703358103117,-0.2570869078712322,-0.260808904218228,-0.26061382745508177,-0.26746540117133033,-0.26746540117133066,-0.2751004259464933,-0.27887688981377806,-0.28571370106988625,-0.2683021164453263,-0.26317236652044673,-0.2549077694192524,Inf,-0.2472131445319342,-0.24721314453193372,-0.23866356132380154,-0.42844718319693165,-0.4382841902435981,-0.25566864111489684,-0.2970779685908483,-0.2529641805029705,-0.2643078697149352,-0.26360352902424244,-0.2677308782129427,-0.2848203178757944,-0.2968159327120514,-0.29124135982633115,-0.29124135982633037,-0.267830737764906,-0.2577368599120092,-0.2533796393181549,-0.26302147409592547,-0.2712859039054424,-0.274561372736063,-0.25666344549475195,-0.2569654409058404,-0.2581980752368107,-0.2584507652746596,-0.26932995600180526,-0.2968159327120513,-0.25325955890129853,-0.2631121099923639,-0.25901395066910987,-0.2556686411148975,-0.26021157704582876,-0.25920655576436785,-0.2668693226246291,-0.2588698609471898
-0.3066989751821306,-0.30491408987749125,-0.2771695935646336,-0.2508141026563023,-0.2510327650665807,-0.24498401650338086,-0.2407412817875527,-0.30507975992236025,-0.2449586158934423,-0.2580427603738165,-0.24767281394945212,-0.24801226606247995,-0.2509107116201861,-0.2629225188143065,-0.35527282880018457,-0.2914569247630206,-0.29987071389481684,-0.2558861334641348,-0.24914572159692316,-0.24956358428748043,-0.24859454830356936,-0.23927466904186256,-0.2521190469423651,-0.25771405787760177,-0.2464343715862232,-0.26583013382729215,-0.27483176494793704,-0.268430997793187,-0.24985163869311489,-0.2488332722989851,-0.24812350178186438,-0.24812350178186438,-0.24804237980752936,-0.24834482647109668,-0.24912461058958654,-0.24907949583801603,-0.2501171227975198,-0.25011712279751996,-0.25144927045840587,-0.25210818220465053,-0.25675682583672954,-0.2508575407583956,-0.24967120062363712,-0.24775987485097112,Inf,-0.24598036464883394,-0.24598036464883366,-0.2440031310909032,-0.27348110995519487,-0.29875747112914963,-0.25563969951536136,-0.2543491758808265,-0.24727466174541088,-0.284729174523155,-0.2382754723330185,-0.30392038418827727,-0.25926828189917667,-0.26408308485349674,-0.25813630519164105,-0.25813630519164055,-0.25133910027889483,-0.24842665264484415,-0.24761270272313368,-0.24939619168374355,-0.25092489650712346,-0.2508379268753269,-0.25011244221142837,-0.24968036107876257,-0.24791676461890005,-0.24755522734462826,-0.31288566637637205,-0.26408308485349635,-0.2543491758808263,-0.2391410540076696,-0.24635952008222783,-0.2556396995153617,-0.24053230827019298,-0.2486919248761441,-0.2506279582176137,-0.24695560454827542
-0.33837647428025325,-0.3365835114506595,-0.30797292895805656,-0.2821209260895567,-0.28232974604542577,-0.2764591384228242,-0.272743556348803,-0.3290685522811386,-0.2768863920867406,-0.2882407894925718,-0.2791395046770171,-0.27948560463811367,-0.2818450921673797,-0.29335710929215786,-0.3877534395061341,-0.3221462748933035,-0.3304183713390962,-0.287565986194297,-0.28072407100557173,-0.2812389001981894,-0.2800012785406392,-0.2725336697558159,-0.2835883695811256,-0.2879217932203734,-0.2778702060167475,-0.296951052753091,-0.30580109161584623,-0.29982647065184465,-0.28159379863835643,-0.2803391167528314,-0.2794646414992837,-0.2794646414992837,-0.2789826143295995,-0.2796482583535852,-0.2808478991057207,-0.28078248773010395,-0.28275315413666685,-0.282753154136667,-0.2850542294839575,-0.28619239578476785,-0.29117204691025717,-0.2833604552485207,-0.2816403939057799,-0.2788691839646978,Inf,-0.2762890919505871,-0.27628909195058693,-0.27342232304601916,-0.31507549837166077,-0.35069450495026083,-0.2900029231877914,-0.2881844492999879,-0.27807806848686156,-0.3114737378245857,-0.3354403451165362,-0.3281958660296799,-0.29321805232700227,-0.2991601245702314,-0.2932710882266937,-0.2932710882266931,-0.283866331680022,-0.2798267267658971,-0.27845647073141355,-0.28147373658543756,-0.2840599644603151,-0.28449976010762124,-0.2810857077425666,-0.2807672285837022,-0.2794673136495595,-0.27920083108806026,-0.33600770284248016,-0.299160124570231,-0.28818444929998754,-0.28613509225155764,-0.27135152008222774,-0.29000292318779186,-0.2687095004906676,-0.2802810302667607,-0.28311588533578336,-0.2787588600104521
-0.2553017895725068,-0.25352922370015346,-0.2271056381991429,-0.19998225281217613,-0.20021592643582845,-0.19389548632509915,-0.1888487650772824,-0.2654090007338479,-0.19317972032387826,-0.20890198750608016,-0.19659714259835093,-0.19692645574992793,-0.20064689281788756,-0.21342095453319482,-0.30265077800888696,-0.24156681395248833,-0.2501967055984209,-0.20448535821403305,-0.1978997540760769,-0.1981697283648164,-0.19761032565818726,-0.18546545720187044,-0.20103936153350002,-0.20855848156819257,-0.1954057606978427,-0.21528181612998007,-0.22451464809082047,-0.21746394433166388,-0.19835583563171763,-0.1976978856659886,-0.1972393144777532,-0.1972393144777532,-0.19776963281899776,-0.19751814924856465,-0.19765758927684912,-0.19764342990913478,-0.1972580323217476,-0.1972580323217477,-0.19711242050926747,-0.1970403974622343,-0.20118420521646022,-0.19820147336418753,-0.19782913780613703,-0.1972292638515005,Inf,-0.19667076051442536,-0.19667076051442503,-0.19605020125100792,-0.20695918661526,-0.21646146842205724,-0.20014638269984483,-0.19966106207393614,-0.19721059756351933,-0.2060765842110292,-0.1936268918968578,-0.17600311095642374,-0.20440554304895225,-0.20750109193086402,-0.2014662450820909,-0.20146624508209052,-0.19864594596261792,-0.19745258157076895,-0.19748708157961287,-0.19738887645938924,-0.19730470064205474,-0.19641433526426313,-0.19978931799944674,-0.1991839768853255,-0.1967131968276859,-0.19620668691586982,-0.3211256663763721,-0.20750109193086372,-0.19966106207393594,-0.1939518539557703,-0.19666185541082967,-0.20014638269984514,-0.19447361357244267,-0.19742955287592154,-0.19799474880465526,-0.1953666216962725
-0.2761719706462083,-0.27432652765541893,-0.23527664448924396,-0.21719116721597065,-0.21730688752183352,-0.21361445610223226,-0.21312390365889472,-0.22046086447979096,-0.21605813190493886,-0.216692721816055,-0.2155927024722724,-0.2159846514659562,-0.21479423025981345,-0.22034935720080112,-0.3345572822638062,-0.2515431792632731,-0.25850773347917144,-0.22688641635645646,-0.21749850316391126,-0.21842119414886169,-0.2160165368428251,-0.21856301768365768,-0.21947464119886465,-0.2161965219207709,-0.2141099892759634,-0.2303304804357154,-0.237781623670852,-0.23011272399454852,-0.21905725285728506,-0.21680857760468708,-0.21524131909530062,-0.21524131909530062,-0.21140166073679445,-0.2148767221514972,-0.21627747800589917,-0.21625488649712468,-0.22359675439460966,-0.2235967543946099,-0.22967235549170192,-0.23267749151822048,-0.2379576536628409,-0.21714525419331024,-0.2165511865628637,-0.21559407760270044,Inf,-0.21470297615703163,-0.2147029761570312,-0.21371286343962087,-0.21086035572387188,-0.2068393236218325,-0.21482079562257084,-0.2150278701372254,-0.21010235151052967,-0.21768516204791205,-0.21749451615306625,-0.2186116774782842,-0.15180190449056716,-0.2816433668614263,-0.2454271895954276,-0.24542718959542692,-0.2247584013604967,-0.21584121816843543,-0.21172346755964427,-0.22083412706710528,-0.22864326378778574,-0.23120959316301362,-0.21491387128508263,-0.21517666613217348,-0.21624929816111374,-0.21646918772704649,-0.21904450440425055,-0.28164336686142616,-0.21502787013722532,-0.21736150236823942,-0.21625224194679132,-0.21482079562257145,-0.2171535936344463,-0.21718729403154874,-0.22403938585691485,-0.21683388261688633
-0.2281733972547599,-0.2263146615899649,-0.17789469038805697,-0.16818697126021517,-0.16825010578741548,-0.16625492924845714,-0.16591823719899584,-0.17097234800481553,-0.16711064234524442,-0.16819697463961242,-0.16721590360368474,-0.16760456926738726,-0.1662116520437498,-0.16578952012177992,-0.2941382195283963,-0.1986520270914831,-0.20474456258659837,-0.1813840532807856,-0.1683088125575522,-0.16878519804011768,-0.16754611801764388,-0.16864110801303503,-0.16990132656534473,-0.1674292039254025,-0.16574046839317105,-0.1800953303456861,-0.18661352996507152,-0.16939507901868553,-0.16911359523884906,-0.16795260389633632,-0.1671434281121607,-0.16714342811216068,-0.16518772091454564,-0.16696141279565438,-0.16767828528793915,-0.16766662862241166,-0.17141512385731644,-0.17141512385731658,-0.17451848926757021,-0.17605348721242683,-0.1788232531840844,-0.16812603655901356,-0.16781951220343042,-0.1673256674083246,Inf,-0.16686588087495052,-0.16686588087495022,-0.16635500694897867,-0.16498202437252474,-0.16300086237109637,-0.16695315484649845,-0.1670552117784423,-0.1645139986790747,-0.16836274367061246,-0.1682689310827134,-0.16881866122562603,-0.13689790449056716,-0.2816433668614263,-0.1803266027375828,-0.18032660273758233,-0.1713384237111708,-0.16745219379900705,-0.16511442014934882,-0.17027868449710232,-0.17470519679517663,-0.17470408402640672,-0.16701953385527735,-0.16714356835576888,-0.16764983162307992,-0.16775361559287866,-0.1690316456912507,-0.12329448210538207,-0.16705521177844224,-0.1682034779692807,-0.167657635684693,-0.16695315484649886,-0.1681012783395959,-0.16811209190898826,-0.17122518088554056,-0.16792574510376462
-0.2526345263225784,-0.2508397038410679,-0.21091208227568212,-0.19528392497065214,-0.19539760776357362,-0.1920303458068814,-0.19061926284802377,-0.21197129366580902,-0.19392968393407214,-0.19516414772028243,-0.1937592928001614,-0.19426210116165926,-0.18948477067096217,-0.20209707963660598,-0.31095339564625,-0.23160590900656192,-0.23895141352677698,-0.20531224886621707,-0.19497055805488114,-0.19551434912379928,-0.19412997657349043,-0.19267158672380275,-0.1967970226732268,-0.19367165467946754,-0.19184280432274325,-0.2092329084822651,-0.2170916176857236,-0.2305146312230521,-0.1958892124860625,-0.19456394808096414,-0.19364027895013805,-0.19364027895013805,-0.19172574011895177,-0.1935066128234745,-0.1942337022440097,-0.19422151863186554,-0.197989622049933,-0.19798962204993312,-0.2011144838648699,-0.20266011443999993,-0.20635409552273437,-0.19470169438215412,-0.194381313407649,-0.19386514405983568,Inf,-0.19338457259807879,-0.19338457259807854,-0.19285060430723713,-0.19175087979530708,-0.18999767375765358,-0.19356563327427034,-0.19365605872049185,-0.1909223091407531,-0.1948070488857598,-0.19472445197314667,-0.1952084596483612,-0.2064125049679106,-0.21190877188437793,-0.2826752917770103,-0.15174936977182957,-0.1813911815642634,-0.19391956727890025,-0.1909924303722119,-0.19760540145578304,-0.20327366238455818,-0.2029843563981734,-0.19405594456439645,-0.19405388125867562,-0.1940454596026706,-0.19404373316318957,-0.19539598095748534,-0.2119087718843777,-0.19365605872049174,-0.19466682404483213,-0.19418623941871468,-0.19356563327427087,-0.19457722561752944,-0.19428588814248357,-0.18856792797358018,-0.19404086980014798
-0.28188932440698783,-0.2800811661787647,-0.2431431856206372,-0.22427541017877353,-0.22440491244286992,-0.2204395846835684,-0.2192946490497359,-0.23657741697699652,-0.22330791831709582,-0.22379429644234758,-0.2225450491538133,-0.22298984439123581,-0.2204024480674998,-0.23111020117636025,-0.33805299175230047,-0.26104635102718343,-0.26851329944561503,-0.23318450303992078,-0.22422477296406046,-0.22502479003782455,-0.22296088467986183,-0.22327071404691123,-0.2265878639122025,-0.22286087565612855,-0.22085620840166245,-0.2383034556384844,-0.2462920936001366,-0.2507826011809271,-0.2255762832624849,-0.22362657461162372,-0.2222676867640539,-0.22226768676405387,-0.21916145014784688,-0.22200353121965172,-0.22315429012494506,-0.2231354758747031,-0.22914314754315676,-0.22914314754315687,-0.23411837040085917,-0.23657923331972255,-0.24153051501119968,-0.22387697573691182,-0.22338223511682198,-0.22258515300667786,Inf,-0.221843042076544,-0.22184304207654373,-0.22101847437639457,-0.21888244091249406,-0.21576053627512357,-0.22200534087291068,-0.22216618821890508,-0.21801077610436756,-0.22422513589063053,-0.22407740706123486,-0.2249430796997873,-0.2428728231359694,-0.2517655722942941,-0.2826752917770103,-0.2826752917770097,-0.20158718156426342,-0.2226448548826752,-0.21814101075904457,-0.22837029678873402,-0.23713825624275336,-0.23978573492794203,-0.2223741985117617,-0.22250138162779967,-0.22302049638713609,-0.22312691491280007,-0.22527847121270503,-0.2517655722942939,-0.22216618821890496,-0.22397433654538768,-0.2231147862063268,-0.2220053408729112,-0.2238134917886032,-0.22332027732312942,-0.2138129409203876,-0.22330341393097453
-0.28499329492708686,-0.28318056724447543,-0.2472669783844232,-0.22728915731626223,-0.22742408007562878,-0.22325382682808034,-0.22220008579238135,-0.23808853275862388,-0.2264541839218672,-0.22668423269564353,-0.22548830390440275,-0.22591322111548776,-0.2240761992930781,-0.23413136193924655,-0.3404184886533443,-0.264213931896014,-0.27172249270898163,-0.235814748955322,-0.22732854366088212,-0.22821635582160096,-0.22591961054572143,-0.22683531502674115,-0.2298755080426161,-0.22594237637313147,-0.22387746597576275,-0.24134429311995362,-0.24937745078845744,-0.2508072614753166,-0.22882837074911197,-0.2266646981140409,-0.2251566838532338,-0.2251566838532338,-0.221642115495983,-0.22484781649363594,-0.22614374450179484,-0.22612265828291062,-0.2328977114253938,-0.23289771142539395,-0.23850695505216135,-0.24128141964174527,-0.24666351168886513,-0.22695370008346846,-0.22639921564364154,-0.22550587960169874,Inf,-0.22467415294195933,-0.22467415294195903,-0.22375001220891466,-0.22125889053058906,-0.21766800534360958,-0.22483002303538593,-0.22501500023821436,-0.22037245963748844,-0.22738505687906424,-0.22721501078994744,-0.22821145980564359,-0.24844574392002483,-0.25850228772886835,-0.2757551917770103,-0.2757551917770097,-0.24076339979251682,-0.22556739019396868,-0.220523291979827,-0.23199169768958341,-0.24182175972651726,-0.24547551904181858,-0.22515726493784424,-0.22532873396016126,-0.22602860752063672,-0.2261720816005342,-0.22859751860897884,-0.25850228772886813,-0.22501500023821425,-0.22709636950513687,-0.22610696767914096,-0.22483002303538657,-0.22691111240310355,-0.22634872538061535,-0.21554297035657305,-0.22641003861109596
-0.2840683216035004,-0.2823010960615071,-0.2486409255915526,-0.2280137799367547,-0.22816381604448613,-0.22371973676034332,-0.22185756013621005,-0.2500353752163373,-0.22878169407836044,-0.22707935323848827,-0.22607188027975866,-0.2264708386603597,-0.22680245588426381,-0.23775330179340462,-0.3370373863827307,-0.2677759683276283,-0.27587160073831735,-0.23570012017557537,-0.22760061908480464,-0.22831854690894818,-0.22649082363366324,-0.22456667019851612,-0.23220972939739418,-0.22639828575712284,-0.22455917165697087,-0.24311822185556492,-0.2517794677589075,-0.24857695513249034,-0.22881345176010015,-0.227063801489712,-0.2258443482709567,-0.2258443482709567,-0.22331402013050916,-0.22566724881013855,-0.22662424424787125,-0.22660839245084477,-0.23158524263877567,-0.23158524263877578,-0.23570979767323025,-0.23774990016339043,-0.2426253625818309,-0.22723313726712657,-0.22681629748932214,-0.22614472229174895,Inf,-0.2255194626250433,-0.22551946262504294,-0.22482472966203612,-0.223199951781368,-0.22073524602485137,-0.22570307145372454,-0.2258301179795939,-0.22225360080488385,-0.227452375655177,-0.22733597071419528,-0.22801808924726902,-0.24456980298439232,-0.2526543559000848,-0.25533273150181457,-0.25533273150181396,-0.23504515297930267,-0.22668250144386487,-0.2172967936657199,-0.23696089056811404,-0.2538158307701659,-0.2627146700200999,-0.22639296533782555,-0.22639028153871762,-0.226379327256643,-0.2263770816288177,-0.22828236555289355,-0.2526543559000845,-0.22583011797959382,-0.22725475489895325,-0.22657746051505825,-0.22570307145372506,-0.2271282197667249,-0.22455867140748004,-0.22512124491742833,-0.22637335717291254
-0.29476669386713517,-0.2930522067492358,-0.26300123723914925,-0.24068635756563006,-0.24085963809829397,-0.23591072558618842,-0.23310406489660218,-0.27563307797217546,-0.24670182931620838,-0.23840880788271596,-0.2385091782167194,-0.23865440061579807,-0.23985898154862872,-0.2507904899252665,-0.3441033938435348,-0.2840850066096773,-0.29294127605028675,-0.24702481184378744,-0.23977540018725224,-0.24034887834795457,-0.23892745643567145,-0.23390944860149643,-0.2507000001279819,-0.23933525460524835,-0.23797608506625825,-0.2571105053629925,-0.2665855313424452,-0.25958032792713537,-0.2407442065609264,-0.23934659222534654,-0.23837249738539695,-0.23837249738539695,-0.23675537999221527,-0.23832523085294574,-0.23896722268877618,-0.23895641337726328,-0.24227866199306045,-0.24227866199306058,-0.2450345397160092,-0.24639766203058588,-0.25097426178323023,-0.23938242572929663,-0.23909818344423,-0.238640237540512,Inf,-0.23821387411291287,-0.23821387411291248,-0.23774013697113522,-0.23674013676147906,-0.2351616589830859,-0.23836799442202058,-0.23844939833408074,-0.23586461549764076,-0.23948620053184813,-0.23941179929774176,-0.23984778131224638,-0.2534710990010746,-0.2599915881034677,-0.26071899762490763,-0.260718997624907,-0.24536039041660024,-0.2390307947325184,-0.27584358571735534,-0.263840890568114,-0.30373583077016575,-0.26539318349714436,-0.23952693805581246,-0.23934011732518276,-0.238577583730774,-0.23842126434392022,-0.24001669581980703,-0.2599915881034673,-0.2384493983340807,-0.23935988950051146,-0.23892699088306346,-0.23836799442202103,-0.23927914851151139,-0.23741141885841036,-0.23781666531842183,-0.23816200292182138
-0.2669545211952576,-0.2653306782437696,-0.241483022883456,-0.21626735036525957,-0.21648058225327627,-0.21066398763060987,-0.20623399495352623,-0.2734291295837723,-0.2313020617562595,-0.21168130805248234,-0.21368578404587057,-0.21339489772670783,-0.2160998850342559,-0.22699815702690407,-0.3100480941667922,-0.26591616615694924,-0.27607978049273435,-0.22028912564852712,-0.214500805207084,-0.21482601050874686,-0.21410291906412304,-0.2037673489816187,-0.23628015294617977,-0.215370669812964,-0.21483640498847104,-0.2349597426413837,-0.24583345312665067,-0.23229237491793162,-0.21505019137484657,-0.2142576388022184,-0.21370525367584112,-0.21370525367584112,-0.21365771725452268,-0.21388113748902074,-0.21398171688408169,-0.2139795743445453,-0.21445797650823756,-0.21445797650823772,-0.21486144010203556,-0.21506100273982798,-0.21912393228563543,-0.21406401527365165,-0.21400767492922793,-0.2139169043743235,Inf,-0.21383239385768868,-0.21383239385768835,-0.21373849328364927,-0.2138123296960449,-0.21375705625505145,-0.2139358307737793,-0.21393878644335518,-0.21305854700081675,-0.21396933703862675,-0.21396712967571202,-0.21398006454892618,-0.22257020152974735,-0.22640245595303207,-0.22377664252397375,-0.2237766425239733,-0.21688970476195557,-0.21405442382239176,-0.22964358571735544,-0.19567628436277068,-0.3433358307701656,-0.22379687853581456,-0.21590095366485257,-0.21539764758316954,-0.2133433370456865,-0.2129222033855025,-0.2139850759660647,-0.2264024559530319,-0.21393878644335504,-0.21396558959693956,-0.2139527462030724,-0.21393583077377967,-0.213963557291613,-0.2133020785396968,-0.2134369191326294,-0.21222373780275852
-0.2739433117149516,-0.27185206170435033,-0.27122852975069645,-0.21154980692534403,-0.21208962990394623,-0.19211179085404445,-0.1996561062815374,-0.0842041507985592,-0.1992091034416431,-0.20041342152571495,-0.20443695043556773,-0.20440908217711692,-0.20741229139966713,-0.2156691252781156,-0.30574125846493594,-0.24587880621095445,-0.2537406551523236,-0.2044068311722086,-0.2058814841563053,-0.20599980153454905,-0.20607028056169077,-0.2598554374186337,-0.2107576429330402,-0.2088973275145829,-0.2046658196263118,-0.22193311943026664,-0.23034424823179506,-0.21935772060324368,-0.20608136383440648,-0.2057930144685312,-0.20559204369837575,-0.2055920436983757,-0.21372494413950238,-0.20755593081807142,-0.20493790510043647,-0.2049866263987975,-0.19187356049414056,-0.19187356049414073,-0.18092758218820104,-0.175513442380962,-0.4071628613550945,-0.2030664416687446,-0.20434761976796034,-0.20641174003891996,Inf,-0.2083335071877444,-0.2083335071877442,-0.21046880401977122,-0.20806909476631585,-0.20864361513213203,-0.20578826925859567,-0.20575597080706487,-0.2126254682248524,-0.2055247193690754,-0.2055416959709776,-0.20544221518701228,-0.2127594095829926,-0.21590600240218313,-0.21200886131587088,-0.2120088613158705,-0.20757426958480651,-0.20568229741762362,-0.20619499892523324,-0.2050820066208403,-0.2041280132170749,-0.20757834829705177,-0.33871555099289563,-0.16380905299866888,-0.2231888777002296,-0.23536174176404948,-0.2054036728915141,-0.21590600240218294,-0.20575597080706484,-0.20555354055894715,-0.2056523177846321,-0.20578826925859595,-0.20556274377533063,-0.20578338809178878,-0.20691771937896636,-0.25555088216257993
-0.2866353237098469,-0.2845803871091947,-0.2818175227545684,-0.22512791100228532,-0.22564020965630915,-0.20721740324964377,-0.2124612247926323,-0.13205956298000462,-0.21272605770451322,-0.21395337568697104,-0.2182572733374581,-0.21820961851564818,-0.22144591171096478,-0.23009788060064618,-0.319574727555636,-0.2605327703605557,-0.2685465069923769,-0.2189808234729609,-0.21976407056040503,-0.21988547187787744,-0.21992777300879532,-0.26280545834372926,-0.2247955138793417,-0.22295511675794175,-0.21856821851922598,-0.2361244627525626,-0.244698091105696,-0.2337309880393631,-0.21996916009685044,-0.21967329491263812,-0.21946708584485378,-0.21946708584485378,-0.22669911776607737,-0.2212227440171394,-0.21890397142089427,-0.218946874252918,-0.20730932343974184,-0.20730932343974195,-0.19759881152986736,-0.1927957626282089,-0.3915284325201834,-0.21725600463944006,-0.21838418000898258,-0.22020179588213534,Inf,-0.22189405893644995,-0.22189405893644976,-0.22377435121902137,-0.22187251371035274,-0.22257849145711,-0.21970939180170185,-0.21967071444573794,-0.225691344482914,-0.21933119773539958,-0.21935588619063273,-0.21921121490154738,-0.2263900733496634,-0.2294270079539782,-0.22538496879811862,-0.22538496879811828,-0.22130163850110662,-0.21956268382148778,-0.22024200158439422,-0.21876184299177182,-0.2174931356266668,-0.22110040756691945,-0.33389395099289565,-0.30441199428251603,-0.2428688777002296,-0.2590761417640495,-0.21915516424179382,-0.2294270079539781,-0.21967071444573788,-0.21937311134449602,-0.21951675947434085,-0.21970939180170218,-0.21939206666764136,-0.2196278978665377,-0.22062252212430888,-0.28595648216257996
-0.2701595796327709,-0.26819026001492535,-0.2603834412189816,-0.2107413271186509,-0.21118873102366914,-0.19643226174333314,-0.19625215461553885,-0.1984893965785349,-0.19819529946249992,-0.19947684484765615,-0.20444177448825654,-0.20434746841950263,-0.20813330919288592,-0.21771689721474252,-0.3057902237857416,-0.24868276713603854,-0.2570546129567303,-0.2069422687348972,-0.20609537183836366,-0.2062240442320663,-0.2061999096727002,-0.22336079223216582,-0.21149293318362988,-0.20969949790082032,-0.20494623216918637,-0.22318372749618726,-0.23214048487342998,-0.22121917955541678,-0.20631274478066142,-0.20599915937435356,-0.2057805998487451,-0.2057805998487451,-0.21088863282060344,-0.20704531172225882,-0.20543209526587647,-0.20546127976263306,-0.19730258566920802,-0.19730258566920816,-0.1905049620102186,-0.1871426965444818,-0.3082667710394985,-0.20431107180612051,-0.20507850903253105,-0.2063149356750821,Inf,-0.20746609151469872,-0.2074660915146985,-0.20874515355871673,-0.20801716000117149,-0.20903307791437525,-0.2061315506431719,-0.20607783359382897,-0.2100970689937909,-0.2054830572982777,-0.2055259281719335,-0.20527471016345933,-0.21212741068571656,-0.21490580153138134,-0.210522132780654,-0.2105221327806536,-0.2072669798484809,-0.20588879810702115,-0.20696095094339167,-0.2046151157362444,-0.2026043998444039,-0.20658168552026596,-0.2761259509928956,-0.25801199428251603,-0.184077477097292,-0.26858814176404955,-0.20517737962050187,-0.21490580153138117,-0.20607783359382892,-0.20555583921286333,-0.2058052805313776,-0.2061315506431722,-0.205597787308049,-0.20586942497773436,-0.20653465867836845,-0.3112444821625798
-0.24478792431614269,-0.2429021919681494,-0.23017099523704043,-0.18740930449087848,-0.18779335209999246,-0.17661630247100832,-0.17114085118833344,-0.25405788498399634,-0.17472252040294792,-0.17605700762737658,-0.18166729824108344,-0.18152744688167075,-0.1858498071655374,-0.19634292852117716,-0.28304600782073697,-0.22782719071210253,-0.23654865606417014,-0.18590261076864112,-0.18346421554292236,-0.18359998663820332,-0.18351099137259008,-0.17556473673962647,-0.18921921539234232,-0.18747162862867378,-0.1823606808403761,-0.2012632769118382,-0.21059408051304956,-0.1997174872208745,-0.18369358068964076,-0.18336269515270948,-0.18313207796030284,-0.18313207796030284,-0.18616646540616455,-0.18391748234816208,-0.1829930954852232,-0.18300888686586791,-0.17824657659582047,-0.17824657659582058,-0.17429278564728568,-0.17233714711360165,-0.2176924851542607,-0.1823865231563494,-0.18280177422146948,-0.18347078982638573,Inf,-0.18409366642406666,-0.18409366642406635,-0.18478575153260032,-0.18520377372906127,-0.1865222840892485,-0.18358909796038295,-0.18352069776211613,-0.18558598538048757,-0.18267671329393242,-0.18273733553729818,-0.18238209670148967,-0.18891637149009602,-0.19144234784725112,-0.18672514847912064,-0.18672514847912025,-0.1842785393966717,-0.18325257778664747,-0.1847082527960335,-0.18151726348030922,-0.1787821297811169,-0.1831206573152357,-0.21044095099289561,-0.20342549428251602,-0.174790977097292,-0.16892090107432106,-0.1822444648932493,-0.19144234784725095,-0.183520697762116,-0.18277963172228226,-0.1831323582012863,-0.18358909796038325,-0.1828440275022401,-0.1831506227824156,-0.18349427475377578,-0.3266464821625798
-0.3450999591687063,-0.34329887291912997,-0.31381728330257874,-0.2884716292014091,-0.2886705507798325,-0.2829790962622646,-0.2797936620155148,-0.3280596445965009,-0.2838615760993191,-0.2934763983222294,-0.28565098342007966,-0.28600376900110913,-0.2878212362404099,-0.29883062357954265,-0.39528459913654934,-0.32787599633114495,-0.3360055950188545,-0.2942918380876989,-0.2873478428540421,-0.2879601894947549,-0.2864524561086015,-0.2808476420647349,-0.29010249518942466,-0.2931671634230474,-0.28435065314289987,-0.3031147950818776,-0.31181238036709585,-0.30626632687901745,-0.2883823117651052,-0.28688997168652924,-0.2858498558741885,-0.2858498558741885,-0.284964645638727,-0.28599555064449694,-0.28761743357933284,-0.2875316102579425,-0.2904406174720592,-0.29044061747205935,-0.2937161257766998,-0.29533626966931764,-0.30064880901261143,-0.2909140453891582,-0.28865723033157137,-0.28502125051657096,Inf,-0.28163602793019143,-0.28163602793019116,-0.27787466950088024,-0.3317722185404932,-0.3777926355544464,-0.29942739244926936,-0.2970779685908489,-0.2839224945847977,-0.3132362588720474,-0.3103063451165362,-0.3274752767451814,-0.30222671917771343,-0.309302465648993,-0.3034715007108093,-0.30347150071080875,-0.2914443768959284,-0.28627121039900155,-0.28434148742155857,-0.28859954026498214,-0.2922492998450592,-0.29321885375600815,-0.28710095773694994,-0.2868967260176472,-0.2860631271633478,-0.28589223939821645,-0.33412711451578225,-0.30930246564899255,-0.2970779685908487,-0.308262142076377,-0.2912146343402072,-0.29942739244926975,-0.27191279039421323,-0.2869156192107332,-0.2906544029489429,-0.2856088157877549
-0.3544041867047695,-0.35259728655112166,-0.3224637339722427,-0.29750556927689475,-0.2976970857275275,-0.2921434516501683,-0.28934108119235347,-0.33178422562697146,-0.29335639160857796,-0.3016985568569985,-0.2948046030301059,-0.29516242342924903,-0.29658206793221886,-0.30722419885161256,-0.405189393102537,-0.336457237811423,-0.34448255272541906,-0.30360672731245564,-0.2965835722501272,-0.29726740110712685,-0.29556156266377287,-0.29129259380821115,-0.29925751739561857,-0.3013935079645539,-0.29348098744530565,-0.31201366497250493,-0.3205996805418516,-0.31537010964323253,-0.29773879977326767,-0.2960722515433314,-0.2949107179285274,-0.2949107179285274,-0.2936848346261375,-0.2950180943373042,-0.2968919783907298,-0.29679565476396697,-0.30042230581938567,-0.3004223058193859,-0.30438533824918357,-0.30634554783811563,-0.31188535387120087,-0.30059192381824024,-0.29805899211904285,-0.293978157714781,Inf,-0.29017876016598565,-0.2901787601659853,-0.2859572073339901,-0.3308474523184817,-0.4022040074260151,-0.3168473924492695,-0.30408579002585656,-0.2925466974713257,-0.31891689594497963,-0.31636060892498685,-0.3313401341710437,-0.3132150360678607,-0.321123749509298,-0.3153345003439077,-0.3153345003439072,-0.3013812598365576,-0.29537549890909265,-0.2930346093726484,-0.29820453252099277,-0.30263589521957335,-0.303993189015956,-0.2958986553167041,-0.29577609950453243,-0.29527587169974767,-0.2951733249997668,-0.3371437202049671,-0.3211237495092977,-0.30408579002585634,-0.31457708554039593,-0.29970350004074564,-0.31684739244926974,-0.3478206155473597,-0.2961595273947699,-0.30056222146761724,-0.29500324754614016
